Compound,Date,Negative,Neutral,Positive,Text,Tweets_Ago,Username
-0.7717,Fri Jul 13 03:15:00 +0000 2018,0.628,0.372,0.0,"Samantha Bee speaks out about crude Ivanka Trump rant, says uproar affected her ‘a lot’
https://t.co/R748w3Kw6l",1,@FoxNews
-0.6249,Fri Jul 13 03:05:00 +0000 2018,0.579,0.421,0.0,Border Patrol arrests suspect in deadly Texas hit-and-run. https://t.co/9y1cgGo2gk,2,@FoxNews
0.0,Fri Jul 13 02:59:00 +0000 2018,1.0,0.0,0.0,Dems who drafted bill to abolish ICE now say they'll vote against it. https://t.co/PALzKT0Kks,3,@FoxNews
-0.1531,Fri Jul 13 02:51:42 +0000 2018,0.89,0.11,0.0,"Rudy Giuliani: ""The Mueller investigation is falling apart of its own weight."" @IngrahamAngle https://t.co/WE9PiVHkUR",4,@FoxNews
0.0,Fri Jul 13 02:49:34 +0000 2018,1.0,0.0,0.0,"Rudy Giuliani: ""To this day they can't find a single bit of evidence that ties President @realDonaldTrump to any ki… https://t.co/TMf6yOh2er",5,@FoxNews
0.0,Fri Jul 13 02:47:02 +0000 2018,1.0,0.0,0.0,"Rudy Giuliani on status of a potential @POTUS interview with Mueller: ""Probably further away."" @IngrahamAngle https://t.co/2MydCxCkOt",6,@FoxNews
0.0,Fri Jul 13 02:41:09 +0000 2018,1.0,0.0,0.0,"Rudy Giuliani on the Mueller probe: ""[Peter Strzok] should have never been involved in the investigation. We should… https://t.co/GpNeg4xk6y",7,@FoxNews
0.0,Fri Jul 13 02:33:00 +0000 2018,1.0,0.0,0.0,Jury convicts key players in corruption case linked to @NYGovCuomo's 'Buffalo Billion' program. https://t.co/Be6Yx1v1OG,8,@FoxNews
-0.5574,Fri Jul 13 02:25:43 +0000 2018,0.816,0.184,0.0,".@TGowdySC on alleged FISA abuses: ""A politicization of law enforcement is the end of us."" #Hannity… https://t.co/QLnpHCRUWJ",9,@FoxNews
-0.1027,Fri Jul 13 02:20:26 +0000 2018,0.935,0.065,0.0,".@TGowdySC on Strzok hearing: ""He's the only person in America who doesn't think he was bias. He's the only person… https://t.co/3hU93JUwCF",10,@FoxNews
-0.1027,Fri Jul 13 02:20:00 +0000 2018,0.759,0.107,0.134,Border patrol agents say they are alarmed by the growing number of migrants illegally crossing the border with chil… https://t.co/XUDpf5KCN3,11,@FoxNews
0.5267,Fri Jul 13 02:15:03 +0000 2018,0.848,0.0,0.152,".@RepMattGaetz on Strzok hearing: ""We are only going to get justice when Attorney General Jeff Sessions does his jo… https://t.co/9c6vOtJCgS",12,@FoxNews
0.3818,Fri Jul 13 02:15:01 +0000 2018,0.729,0.0,0.271,Stunning biblical 'spies' mosaic discovered in Israel. https://t.co/NwTmMLalJ5,13,@FoxNews
0.4588,Fri Jul 13 02:13:26 +0000 2018,0.75,0.0,0.25,".@RepMarkMeadows: ""Today Peter Strzok's luck ran out."" #Hannity https://t.co/n9rtHEvNOP https://t.co/NcKlU6TGce",14,@FoxNews
0.0,Fri Jul 13 02:07:45 +0000 2018,1.0,0.0,0.0,".@seanhannity: ""Mr. Strzok, you are not the 99.9 percent of law enforcement in this country that serve and protect… https://t.co/GR4l1jHVZz",15,@FoxNews
-0.4767,Fri Jul 13 02:07:12 +0000 2018,0.744,0.256,0.0,"Emmys 2018 snubs, from Meghan Markle to Emilia Clarke. https://t.co/ymXXoEnb14",16,@FoxNews
-0.4939,Fri Jul 13 02:02:29 +0000 2018,0.833,0.167,0.0,Conservative Business Insider writer quits instead of being 'paralyzed by fear' after site deletes column defending… https://t.co/HWlTiUM2HH,17,@FoxNews
-0.4215,Fri Jul 13 01:58:26 +0000 2018,0.781,0.219,0.0,.@piersmorgan on Britons Protesting Trump: 'Obama's Tenure Was Massively Overhyped' https://t.co/0iQHiG1wxN,18,@FoxNews
-0.0258,Fri Jul 13 01:54:00 +0000 2018,0.573,0.217,0.21,California man trapped in cement mixer triggers unusual rescue mission https://t.co/C0gaS3AOsD,19,@FoxNews
-0.3818,Fri Jul 13 01:48:00 +0000 2018,0.822,0.178,0.0,NC town battles opioid epidemic by using robots to test people’s poop https://t.co/FRIKDoScgA,20,@FoxNews
-0.7717,Fri Jul 13 03:15:00 +0000 2018,0.628,0.372,0.0,"Samantha Bee speaks out about crude Ivanka Trump rant, says uproar affected her ‘a lot’
https://t.co/R748w3Kw6l",21,@FoxNews
-0.6249,Fri Jul 13 03:05:00 +0000 2018,0.579,0.421,0.0,Border Patrol arrests suspect in deadly Texas hit-and-run. https://t.co/9y1cgGo2gk,22,@FoxNews
0.0,Fri Jul 13 02:59:00 +0000 2018,1.0,0.0,0.0,Dems who drafted bill to abolish ICE now say they'll vote against it. https://t.co/PALzKT0Kks,23,@FoxNews
-0.1531,Fri Jul 13 02:51:42 +0000 2018,0.89,0.11,0.0,"Rudy Giuliani: ""The Mueller investigation is falling apart of its own weight."" @IngrahamAngle https://t.co/WE9PiVHkUR",24,@FoxNews
0.0,Fri Jul 13 02:49:34 +0000 2018,1.0,0.0,0.0,"Rudy Giuliani: ""To this day they can't find a single bit of evidence that ties President @realDonaldTrump to any ki… https://t.co/TMf6yOh2er",25,@FoxNews
0.0,Fri Jul 13 02:47:02 +0000 2018,1.0,0.0,0.0,"Rudy Giuliani on status of a potential @POTUS interview with Mueller: ""Probably further away."" @IngrahamAngle https://t.co/2MydCxCkOt",26,@FoxNews
0.0,Fri Jul 13 02:41:09 +0000 2018,1.0,0.0,0.0,"Rudy Giuliani on the Mueller probe: ""[Peter Strzok] should have never been involved in the investigation. We should… https://t.co/GpNeg4xk6y",27,@FoxNews
0.0,Fri Jul 13 02:33:00 +0000 2018,1.0,0.0,0.0,Jury convicts key players in corruption case linked to @NYGovCuomo's 'Buffalo Billion' program. https://t.co/Be6Yx1v1OG,28,@FoxNews
-0.5574,Fri Jul 13 02:25:43 +0000 2018,0.816,0.184,0.0,".@TGowdySC on alleged FISA abuses: ""A politicization of law enforcement is the end of us."" #Hannity… https://t.co/QLnpHCRUWJ",29,@FoxNews
-0.1027,Fri Jul 13 02:20:26 +0000 2018,0.935,0.065,0.0,".@TGowdySC on Strzok hearing: ""He's the only person in America who doesn't think he was bias. He's the only person… https://t.co/3hU93JUwCF",30,@FoxNews
-0.1027,Fri Jul 13 02:20:00 +0000 2018,0.759,0.107,0.134,Border patrol agents say they are alarmed by the growing number of migrants illegally crossing the border with chil… https://t.co/XUDpf5KCN3,31,@FoxNews
0.5267,Fri Jul 13 02:15:03 +0000 2018,0.848,0.0,0.152,".@RepMattGaetz on Strzok hearing: ""We are only going to get justice when Attorney General Jeff Sessions does his jo… https://t.co/9c6vOtJCgS",32,@FoxNews
0.3818,Fri Jul 13 02:15:01 +0000 2018,0.729,0.0,0.271,Stunning biblical 'spies' mosaic discovered in Israel. https://t.co/NwTmMLalJ5,33,@FoxNews
0.4588,Fri Jul 13 02:13:26 +0000 2018,0.75,0.0,0.25,".@RepMarkMeadows: ""Today Peter Strzok's luck ran out."" #Hannity https://t.co/n9rtHEvNOP https://t.co/NcKlU6TGce",34,@FoxNews
0.0,Fri Jul 13 02:07:45 +0000 2018,1.0,0.0,0.0,".@seanhannity: ""Mr. Strzok, you are not the 99.9 percent of law enforcement in this country that serve and protect… https://t.co/GR4l1jHVZz",35,@FoxNews
-0.4767,Fri Jul 13 02:07:12 +0000 2018,0.744,0.256,0.0,"Emmys 2018 snubs, from Meghan Markle to Emilia Clarke. https://t.co/ymXXoEnb14",36,@FoxNews
-0.4939,Fri Jul 13 02:02:29 +0000 2018,0.833,0.167,0.0,Conservative Business Insider writer quits instead of being 'paralyzed by fear' after site deletes column defending… https://t.co/HWlTiUM2HH,37,@FoxNews
-0.4215,Fri Jul 13 01:58:26 +0000 2018,0.781,0.219,0.0,.@piersmorgan on Britons Protesting Trump: 'Obama's Tenure Was Massively Overhyped' https://t.co/0iQHiG1wxN,38,@FoxNews
-0.0258,Fri Jul 13 01:54:00 +0000 2018,0.573,0.217,0.21,California man trapped in cement mixer triggers unusual rescue mission https://t.co/C0gaS3AOsD,39,@FoxNews
-0.3818,Fri Jul 13 01:48:00 +0000 2018,0.822,0.178,0.0,NC town battles opioid epidemic by using robots to test people’s poop https://t.co/FRIKDoScgA,40,@FoxNews
-0.7717,Fri Jul 13 03:15:00 +0000 2018,0.628,0.372,0.0,"Samantha Bee speaks out about crude Ivanka Trump rant, says uproar affected her ‘a lot’
https://t.co/R748w3Kw6l",41,@FoxNews
-0.6249,Fri Jul 13 03:05:00 +0000 2018,0.579,0.421,0.0,Border Patrol arrests suspect in deadly Texas hit-and-run. https://t.co/9y1cgGo2gk,42,@FoxNews
0.0,Fri Jul 13 02:59:00 +0000 2018,1.0,0.0,0.0,Dems who drafted bill to abolish ICE now say they'll vote against it. https://t.co/PALzKT0Kks,43,@FoxNews
-0.1531,Fri Jul 13 02:51:42 +0000 2018,0.89,0.11,0.0,"Rudy Giuliani: ""The Mueller investigation is falling apart of its own weight."" @IngrahamAngle https://t.co/WE9PiVHkUR",44,@FoxNews
0.0,Fri Jul 13 02:49:34 +0000 2018,1.0,0.0,0.0,"Rudy Giuliani: ""To this day they can't find a single bit of evidence that ties President @realDonaldTrump to any ki… https://t.co/TMf6yOh2er",45,@FoxNews
0.0,Fri Jul 13 02:47:02 +0000 2018,1.0,0.0,0.0,"Rudy Giuliani on status of a potential @POTUS interview with Mueller: ""Probably further away."" @IngrahamAngle https://t.co/2MydCxCkOt",46,@FoxNews
0.0,Fri Jul 13 02:41:09 +0000 2018,1.0,0.0,0.0,"Rudy Giuliani on the Mueller probe: ""[Peter Strzok] should have never been involved in the investigation. We should… https://t.co/GpNeg4xk6y",47,@FoxNews
0.0,Fri Jul 13 02:33:00 +0000 2018,1.0,0.0,0.0,Jury convicts key players in corruption case linked to @NYGovCuomo's 'Buffalo Billion' program. https://t.co/Be6Yx1v1OG,48,@FoxNews
-0.5574,Fri Jul 13 02:25:43 +0000 2018,0.816,0.184,0.0,".@TGowdySC on alleged FISA abuses: ""A politicization of law enforcement is the end of us."" #Hannity… https://t.co/QLnpHCRUWJ",49,@FoxNews
-0.1027,Fri Jul 13 02:20:26 +0000 2018,0.935,0.065,0.0,".@TGowdySC on Strzok hearing: ""He's the only person in America who doesn't think he was bias. He's the only person… https://t.co/3hU93JUwCF",50,@FoxNews
-0.1027,Fri Jul 13 02:20:00 +0000 2018,0.759,0.107,0.134,Border patrol agents say they are alarmed by the growing number of migrants illegally crossing the border with chil… https://t.co/XUDpf5KCN3,51,@FoxNews
0.5267,Fri Jul 13 02:15:03 +0000 2018,0.848,0.0,0.152,".@RepMattGaetz on Strzok hearing: ""We are only going to get justice when Attorney General Jeff Sessions does his jo… https://t.co/9c6vOtJCgS",52,@FoxNews
0.3818,Fri Jul 13 02:15:01 +0000 2018,0.729,0.0,0.271,Stunning biblical 'spies' mosaic discovered in Israel. https://t.co/NwTmMLalJ5,53,@FoxNews
0.4588,Fri Jul 13 02:13:26 +0000 2018,0.75,0.0,0.25,".@RepMarkMeadows: ""Today Peter Strzok's luck ran out."" #Hannity https://t.co/n9rtHEvNOP https://t.co/NcKlU6TGce",54,@FoxNews
0.0,Fri Jul 13 02:07:45 +0000 2018,1.0,0.0,0.0,".@seanhannity: ""Mr. Strzok, you are not the 99.9 percent of law enforcement in this country that serve and protect… https://t.co/GR4l1jHVZz",55,@FoxNews
-0.4767,Fri Jul 13 02:07:12 +0000 2018,0.744,0.256,0.0,"Emmys 2018 snubs, from Meghan Markle to Emilia Clarke. https://t.co/ymXXoEnb14",56,@FoxNews
-0.4939,Fri Jul 13 02:02:29 +0000 2018,0.833,0.167,0.0,Conservative Business Insider writer quits instead of being 'paralyzed by fear' after site deletes column defending… https://t.co/HWlTiUM2HH,57,@FoxNews
-0.4215,Fri Jul 13 01:58:26 +0000 2018,0.781,0.219,0.0,.@piersmorgan on Britons Protesting Trump: 'Obama's Tenure Was Massively Overhyped' https://t.co/0iQHiG1wxN,58,@FoxNews
-0.0258,Fri Jul 13 01:54:00 +0000 2018,0.573,0.217,0.21,California man trapped in cement mixer triggers unusual rescue mission https://t.co/C0gaS3AOsD,59,@FoxNews
-0.3818,Fri Jul 13 01:48:00 +0000 2018,0.822,0.178,0.0,NC town battles opioid epidemic by using robots to test people’s poop https://t.co/FRIKDoScgA,60,@FoxNews
-0.7717,Fri Jul 13 03:15:00 +0000 2018,0.628,0.372,0.0,"Samantha Bee speaks out about crude Ivanka Trump rant, says uproar affected her ‘a lot’
https://t.co/R748w3Kw6l",61,@FoxNews
-0.6249,Fri Jul 13 03:05:00 +0000 2018,0.579,0.421,0.0,Border Patrol arrests suspect in deadly Texas hit-and-run. https://t.co/9y1cgGo2gk,62,@FoxNews
0.0,Fri Jul 13 02:59:00 +0000 2018,1.0,0.0,0.0,Dems who drafted bill to abolish ICE now say they'll vote against it. https://t.co/PALzKT0Kks,63,@FoxNews
-0.1531,Fri Jul 13 02:51:42 +0000 2018,0.89,0.11,0.0,"Rudy Giuliani: ""The Mueller investigation is falling apart of its own weight."" @IngrahamAngle https://t.co/WE9PiVHkUR",64,@FoxNews
0.0,Fri Jul 13 02:49:34 +0000 2018,1.0,0.0,0.0,"Rudy Giuliani: ""To this day they can't find a single bit of evidence that ties President @realDonaldTrump to any ki… https://t.co/TMf6yOh2er",65,@FoxNews
0.0,Fri Jul 13 02:47:02 +0000 2018,1.0,0.0,0.0,"Rudy Giuliani on status of a potential @POTUS interview with Mueller: ""Probably further away."" @IngrahamAngle https://t.co/2MydCxCkOt",66,@FoxNews
0.0,Fri Jul 13 02:41:09 +0000 2018,1.0,0.0,0.0,"Rudy Giuliani on the Mueller probe: ""[Peter Strzok] should have never been involved in the investigation. We should… https://t.co/GpNeg4xk6y",67,@FoxNews
0.0,Fri Jul 13 02:33:00 +0000 2018,1.0,0.0,0.0,Jury convicts key players in corruption case linked to @NYGovCuomo's 'Buffalo Billion' program. https://t.co/Be6Yx1v1OG,68,@FoxNews
-0.5574,Fri Jul 13 02:25:43 +0000 2018,0.816,0.184,0.0,".@TGowdySC on alleged FISA abuses: ""A politicization of law enforcement is the end of us."" #Hannity… https://t.co/QLnpHCRUWJ",69,@FoxNews
-0.1027,Fri Jul 13 02:20:26 +0000 2018,0.935,0.065,0.0,".@TGowdySC on Strzok hearing: ""He's the only person in America who doesn't think he was bias. He's the only person… https://t.co/3hU93JUwCF",70,@FoxNews
-0.1027,Fri Jul 13 02:20:00 +0000 2018,0.759,0.107,0.134,Border patrol agents say they are alarmed by the growing number of migrants illegally crossing the border with chil… https://t.co/XUDpf5KCN3,71,@FoxNews
0.5267,Fri Jul 13 02:15:03 +0000 2018,0.848,0.0,0.152,".@RepMattGaetz on Strzok hearing: ""We are only going to get justice when Attorney General Jeff Sessions does his jo… https://t.co/9c6vOtJCgS",72,@FoxNews
0.3818,Fri Jul 13 02:15:01 +0000 2018,0.729,0.0,0.271,Stunning biblical 'spies' mosaic discovered in Israel. https://t.co/NwTmMLalJ5,73,@FoxNews
0.4588,Fri Jul 13 02:13:26 +0000 2018,0.75,0.0,0.25,".@RepMarkMeadows: ""Today Peter Strzok's luck ran out."" #Hannity https://t.co/n9rtHEvNOP https://t.co/NcKlU6TGce",74,@FoxNews
0.0,Fri Jul 13 02:07:45 +0000 2018,1.0,0.0,0.0,".@seanhannity: ""Mr. Strzok, you are not the 99.9 percent of law enforcement in this country that serve and protect… https://t.co/GR4l1jHVZz",75,@FoxNews
-0.4767,Fri Jul 13 02:07:12 +0000 2018,0.744,0.256,0.0,"Emmys 2018 snubs, from Meghan Markle to Emilia Clarke. https://t.co/ymXXoEnb14",76,@FoxNews
-0.4939,Fri Jul 13 02:02:29 +0000 2018,0.833,0.167,0.0,Conservative Business Insider writer quits instead of being 'paralyzed by fear' after site deletes column defending… https://t.co/HWlTiUM2HH,77,@FoxNews
-0.4215,Fri Jul 13 01:58:26 +0000 2018,0.781,0.219,0.0,.@piersmorgan on Britons Protesting Trump: 'Obama's Tenure Was Massively Overhyped' https://t.co/0iQHiG1wxN,78,@FoxNews
-0.0258,Fri Jul 13 01:54:00 +0000 2018,0.573,0.217,0.21,California man trapped in cement mixer triggers unusual rescue mission https://t.co/C0gaS3AOsD,79,@FoxNews
-0.3818,Fri Jul 13 01:48:00 +0000 2018,0.822,0.178,0.0,NC town battles opioid epidemic by using robots to test people’s poop https://t.co/FRIKDoScgA,80,@FoxNews
-0.7717,Fri Jul 13 03:15:00 +0000 2018,0.628,0.372,0.0,"Samantha Bee speaks out about crude Ivanka Trump rant, says uproar affected her ‘a lot’
https://t.co/R748w3Kw6l",81,@FoxNews
-0.6249,Fri Jul 13 03:05:00 +0000 2018,0.579,0.421,0.0,Border Patrol arrests suspect in deadly Texas hit-and-run. https://t.co/9y1cgGo2gk,82,@FoxNews
0.0,Fri Jul 13 02:59:00 +0000 2018,1.0,0.0,0.0,Dems who drafted bill to abolish ICE now say they'll vote against it. https://t.co/PALzKT0Kks,83,@FoxNews
-0.1531,Fri Jul 13 02:51:42 +0000 2018,0.89,0.11,0.0,"Rudy Giuliani: ""The Mueller investigation is falling apart of its own weight."" @IngrahamAngle https://t.co/WE9PiVHkUR",84,@FoxNews
0.0,Fri Jul 13 02:49:34 +0000 2018,1.0,0.0,0.0,"Rudy Giuliani: ""To this day they can't find a single bit of evidence that ties President @realDonaldTrump to any ki… https://t.co/TMf6yOh2er",85,@FoxNews
0.0,Fri Jul 13 02:47:02 +0000 2018,1.0,0.0,0.0,"Rudy Giuliani on status of a potential @POTUS interview with Mueller: ""Probably further away."" @IngrahamAngle https://t.co/2MydCxCkOt",86,@FoxNews
0.0,Fri Jul 13 02:41:09 +0000 2018,1.0,0.0,0.0,"Rudy Giuliani on the Mueller probe: ""[Peter Strzok] should have never been involved in the investigation. We should… https://t.co/GpNeg4xk6y",87,@FoxNews
0.0,Fri Jul 13 02:33:00 +0000 2018,1.0,0.0,0.0,Jury convicts key players in corruption case linked to @NYGovCuomo's 'Buffalo Billion' program. https://t.co/Be6Yx1v1OG,88,@FoxNews
-0.5574,Fri Jul 13 02:25:43 +0000 2018,0.816,0.184,0.0,".@TGowdySC on alleged FISA abuses: ""A politicization of law enforcement is the end of us."" #Hannity… https://t.co/QLnpHCRUWJ",89,@FoxNews
-0.1027,Fri Jul 13 02:20:26 +0000 2018,0.935,0.065,0.0,".@TGowdySC on Strzok hearing: ""He's the only person in America who doesn't think he was bias. He's the only person… https://t.co/3hU93JUwCF",90,@FoxNews
-0.1027,Fri Jul 13 02:20:00 +0000 2018,0.759,0.107,0.134,Border patrol agents say they are alarmed by the growing number of migrants illegally crossing the border with chil… https://t.co/XUDpf5KCN3,91,@FoxNews
0.5267,Fri Jul 13 02:15:03 +0000 2018,0.848,0.0,0.152,".@RepMattGaetz on Strzok hearing: ""We are only going to get justice when Attorney General Jeff Sessions does his jo… https://t.co/9c6vOtJCgS",92,@FoxNews
0.3818,Fri Jul 13 02:15:01 +0000 2018,0.729,0.0,0.271,Stunning biblical 'spies' mosaic discovered in Israel. https://t.co/NwTmMLalJ5,93,@FoxNews
0.4588,Fri Jul 13 02:13:26 +0000 2018,0.75,0.0,0.25,".@RepMarkMeadows: ""Today Peter Strzok's luck ran out."" #Hannity https://t.co/n9rtHEvNOP https://t.co/NcKlU6TGce",94,@FoxNews
0.0,Fri Jul 13 02:07:45 +0000 2018,1.0,0.0,0.0,".@seanhannity: ""Mr. Strzok, you are not the 99.9 percent of law enforcement in this country that serve and protect… https://t.co/GR4l1jHVZz",95,@FoxNews
-0.4767,Fri Jul 13 02:07:12 +0000 2018,0.744,0.256,0.0,"Emmys 2018 snubs, from Meghan Markle to Emilia Clarke. https://t.co/ymXXoEnb14",96,@FoxNews
-0.4939,Fri Jul 13 02:02:29 +0000 2018,0.833,0.167,0.0,Conservative Business Insider writer quits instead of being 'paralyzed by fear' after site deletes column defending… https://t.co/HWlTiUM2HH,97,@FoxNews
-0.4215,Fri Jul 13 01:58:26 +0000 2018,0.781,0.219,0.0,.@piersmorgan on Britons Protesting Trump: 'Obama's Tenure Was Massively Overhyped' https://t.co/0iQHiG1wxN,98,@FoxNews
-0.0258,Fri Jul 13 01:54:00 +0000 2018,0.573,0.217,0.21,California man trapped in cement mixer triggers unusual rescue mission https://t.co/C0gaS3AOsD,99,@FoxNews
-0.3818,Fri Jul 13 01:48:00 +0000 2018,0.822,0.178,0.0,NC town battles opioid epidemic by using robots to test people’s poop https://t.co/FRIKDoScgA,100,@FoxNews
-0.4019,Fri Jul 13 03:21:08 +0000 2018,0.856,0.144,0.0,The Illinois and Iowa health departments are investigating outbreaks of a parasite that causes intestinal illness a… https://t.co/eZeY93wL5X,1,@CNN
0.0,Fri Jul 13 03:19:30 +0000 2018,1.0,0.0,0.0,"RT @AC360: Democrat Rep. @RepSwalwell: ""If I was at the FBI he [Peter Strzok] wouldn’t be working for me, and I think Robert Mueller did th…",2,@CNN
-0.1531,Fri Jul 13 03:16:06 +0000 2018,0.922,0.078,0.0,The US Food and Drug Administration is forming a Drug Shortages Task Force to look into the country's persistent dr… https://t.co/WECPWR0D0Y,3,@CNN
-0.296,Fri Jul 13 03:13:58 +0000 2018,0.714,0.147,0.138,"Commerce Secretary Wilbur Ross has admitted to ""errors"" in failing to divest assets required by his government ethi… https://t.co/mwSpgzQTIw",4,@CNN
0.1027,Fri Jul 13 03:09:39 +0000 2018,0.833,0.076,0.091,"RT @CNNTonight: ""What it was like was a shark tank ... there were a group that wanted nothing more than to undercut, to cut down, Peter Str…",5,@CNN
-0.7184,Fri Jul 13 03:01:04 +0000 2018,0.739,0.261,0.0,27 more people have gotten sick in a multistate outbreak of salmonella illness linked to recalled Kellogg's Honey S… https://t.co/OZmcTpGRqD,6,@CNN
0.7321,Fri Jul 13 02:51:05 +0000 2018,0.709,0.0,0.291,"Trump confidant says the President had a ""love fest"" with British PM Theresa May, despite critical interview… https://t.co/m2GWvnQsiV",7,@CNN
0.0772,Fri Jul 13 02:46:05 +0000 2018,0.933,0.0,0.067,The number of overdose deaths involving the potent narcotic fentanyl and variations of the drug nearly doubled betw… https://t.co/Rb6B9oN6yV,8,@CNN
0.0,Fri Jul 13 02:31:05 +0000 2018,1.0,0.0,0.0,Fifty-eight immigrant children under the age of 5 have been reunited with their parents after being separated at th… https://t.co/BKvjE6gchQ,9,@CNN
0.505,Fri Jul 13 02:21:05 +0000 2018,0.753,0.0,0.247,Dear Senate: Don't forget to ask Kavanaugh about immigration | By Leon Fresco via @CNNOpinion… https://t.co/I1hjbS0Ii6,10,@CNN
-0.3818,Fri Jul 13 02:11:03 +0000 2018,0.867,0.133,0.0,The Consumer Financial Protection Bureau says the Department of Education is blocking access to documents it needs… https://t.co/Rh9EOBEMT5,11,@CNN
0.0,Fri Jul 13 02:05:42 +0000 2018,1.0,0.0,0.0,RT @CuomoPrimeTime: Trump’s executive order was a ruse. “I said it on the show then... it has been proven every day since. Fugazi is the wo…,12,@CNN
0.0,Fri Jul 13 02:01:54 +0000 2018,1.0,0.0,0.0,"For the first time, scientists have been able to trace the origins of a ghostly subatomic particle that traveled 3.… https://t.co/Gx7K4K7TWF",13,@CNN
0.0,Fri Jul 13 01:51:03 +0000 2018,1.0,0.0,0.0,House Majority Leader Kevin McCarthy confirmed that the House will vote on a Democratic bill to dismantle US Immigr… https://t.co/17D3N99jMB,14,@CNN
0.0,Fri Jul 13 01:41:05 +0000 2018,1.0,0.0,0.0,Trump won't rule out ceasing military exercises if Putin asks https://t.co/Z52oHrH43h https://t.co/2NSsYzO8lO,15,@CNN
-0.2023,Fri Jul 13 01:39:17 +0000 2018,0.872,0.128,0.0,RT @CuomoPrimeTime: “I believe you can’t take the bias out of your actions… the bias speaks for itself.” Republican @RepChrisCollins tells…,16,@CNN
0.4215,Fri Jul 13 01:31:08 +0000 2018,0.872,0.0,0.128,"Former President George W Bush said he is ""disturbed"" by the immigration debate taking place in the United States b… https://t.co/7NPp6yieRz",17,@CNN
-0.3089,Fri Jul 13 01:27:32 +0000 2018,0.899,0.101,0.0,"After Rep. Gowdy says ""I don't appreciate having an FBI with an unprecedented level of animus working on two major… https://t.co/IXcoZwrSGB",18,@CNN
0.2709,Fri Jul 13 01:25:47 +0000 2018,0.751,0.083,0.166,"RT @AC360: Anderson Cooper: Despite President Trump’s claim, the US’s allies did not actually agree to boost their defense spending to 4 pe…",19,@CNN
0.631,Fri Jul 13 01:21:05 +0000 2018,0.794,0.0,0.206,"Trump was ""all snarls"" in public, but ""all smiles"" in private at NATO, diplomats say https://t.co/wYVd69XJu7 https://t.co/qQrUzOAMBF",20,@CNN
-0.4019,Fri Jul 13 03:21:08 +0000 2018,0.856,0.144,0.0,The Illinois and Iowa health departments are investigating outbreaks of a parasite that causes intestinal illness a… https://t.co/eZeY93wL5X,21,@CNN
0.0,Fri Jul 13 03:19:30 +0000 2018,1.0,0.0,0.0,"RT @AC360: Democrat Rep. @RepSwalwell: ""If I was at the FBI he [Peter Strzok] wouldn’t be working for me, and I think Robert Mueller did th…",22,@CNN
-0.1531,Fri Jul 13 03:16:06 +0000 2018,0.922,0.078,0.0,The US Food and Drug Administration is forming a Drug Shortages Task Force to look into the country's persistent dr… https://t.co/WECPWR0D0Y,23,@CNN
-0.296,Fri Jul 13 03:13:58 +0000 2018,0.714,0.147,0.138,"Commerce Secretary Wilbur Ross has admitted to ""errors"" in failing to divest assets required by his government ethi… https://t.co/mwSpgzQTIw",24,@CNN
0.1027,Fri Jul 13 03:09:39 +0000 2018,0.833,0.076,0.091,"RT @CNNTonight: ""What it was like was a shark tank ... there were a group that wanted nothing more than to undercut, to cut down, Peter Str…",25,@CNN
-0.7184,Fri Jul 13 03:01:04 +0000 2018,0.739,0.261,0.0,27 more people have gotten sick in a multistate outbreak of salmonella illness linked to recalled Kellogg's Honey S… https://t.co/OZmcTpGRqD,26,@CNN
0.7321,Fri Jul 13 02:51:05 +0000 2018,0.709,0.0,0.291,"Trump confidant says the President had a ""love fest"" with British PM Theresa May, despite critical interview… https://t.co/m2GWvnQsiV",27,@CNN
0.0772,Fri Jul 13 02:46:05 +0000 2018,0.933,0.0,0.067,The number of overdose deaths involving the potent narcotic fentanyl and variations of the drug nearly doubled betw… https://t.co/Rb6B9oN6yV,28,@CNN
0.0,Fri Jul 13 02:31:05 +0000 2018,1.0,0.0,0.0,Fifty-eight immigrant children under the age of 5 have been reunited with their parents after being separated at th… https://t.co/BKvjE6gchQ,29,@CNN
0.505,Fri Jul 13 02:21:05 +0000 2018,0.753,0.0,0.247,Dear Senate: Don't forget to ask Kavanaugh about immigration | By Leon Fresco via @CNNOpinion… https://t.co/I1hjbS0Ii6,30,@CNN
-0.3818,Fri Jul 13 02:11:03 +0000 2018,0.867,0.133,0.0,The Consumer Financial Protection Bureau says the Department of Education is blocking access to documents it needs… https://t.co/Rh9EOBEMT5,31,@CNN
0.0,Fri Jul 13 02:05:42 +0000 2018,1.0,0.0,0.0,RT @CuomoPrimeTime: Trump’s executive order was a ruse. “I said it on the show then... it has been proven every day since. Fugazi is the wo…,32,@CNN
0.0,Fri Jul 13 02:01:54 +0000 2018,1.0,0.0,0.0,"For the first time, scientists have been able to trace the origins of a ghostly subatomic particle that traveled 3.… https://t.co/Gx7K4K7TWF",33,@CNN
0.0,Fri Jul 13 01:51:03 +0000 2018,1.0,0.0,0.0,House Majority Leader Kevin McCarthy confirmed that the House will vote on a Democratic bill to dismantle US Immigr… https://t.co/17D3N99jMB,34,@CNN
0.0,Fri Jul 13 01:41:05 +0000 2018,1.0,0.0,0.0,Trump won't rule out ceasing military exercises if Putin asks https://t.co/Z52oHrH43h https://t.co/2NSsYzO8lO,35,@CNN
-0.2023,Fri Jul 13 01:39:17 +0000 2018,0.872,0.128,0.0,RT @CuomoPrimeTime: “I believe you can’t take the bias out of your actions… the bias speaks for itself.” Republican @RepChrisCollins tells…,36,@CNN
0.4215,Fri Jul 13 01:31:08 +0000 2018,0.872,0.0,0.128,"Former President George W Bush said he is ""disturbed"" by the immigration debate taking place in the United States b… https://t.co/7NPp6yieRz",37,@CNN
-0.3089,Fri Jul 13 01:27:32 +0000 2018,0.899,0.101,0.0,"After Rep. Gowdy says ""I don't appreciate having an FBI with an unprecedented level of animus working on two major… https://t.co/IXcoZwrSGB",38,@CNN
0.2709,Fri Jul 13 01:25:47 +0000 2018,0.751,0.083,0.166,"RT @AC360: Anderson Cooper: Despite President Trump’s claim, the US’s allies did not actually agree to boost their defense spending to 4 pe…",39,@CNN
0.631,Fri Jul 13 01:21:05 +0000 2018,0.794,0.0,0.206,"Trump was ""all snarls"" in public, but ""all smiles"" in private at NATO, diplomats say https://t.co/wYVd69XJu7 https://t.co/qQrUzOAMBF",40,@CNN
-0.4019,Fri Jul 13 03:21:08 +0000 2018,0.856,0.144,0.0,The Illinois and Iowa health departments are investigating outbreaks of a parasite that causes intestinal illness a… https://t.co/eZeY93wL5X,41,@CNN
0.0,Fri Jul 13 03:19:30 +0000 2018,1.0,0.0,0.0,"RT @AC360: Democrat Rep. @RepSwalwell: ""If I was at the FBI he [Peter Strzok] wouldn’t be working for me, and I think Robert Mueller did th…",42,@CNN
-0.1531,Fri Jul 13 03:16:06 +0000 2018,0.922,0.078,0.0,The US Food and Drug Administration is forming a Drug Shortages Task Force to look into the country's persistent dr… https://t.co/WECPWR0D0Y,43,@CNN
-0.296,Fri Jul 13 03:13:58 +0000 2018,0.714,0.147,0.138,"Commerce Secretary Wilbur Ross has admitted to ""errors"" in failing to divest assets required by his government ethi… https://t.co/mwSpgzQTIw",44,@CNN
0.1027,Fri Jul 13 03:09:39 +0000 2018,0.833,0.076,0.091,"RT @CNNTonight: ""What it was like was a shark tank ... there were a group that wanted nothing more than to undercut, to cut down, Peter Str…",45,@CNN
-0.7184,Fri Jul 13 03:01:04 +0000 2018,0.739,0.261,0.0,27 more people have gotten sick in a multistate outbreak of salmonella illness linked to recalled Kellogg's Honey S… https://t.co/OZmcTpGRqD,46,@CNN
0.7321,Fri Jul 13 02:51:05 +0000 2018,0.709,0.0,0.291,"Trump confidant says the President had a ""love fest"" with British PM Theresa May, despite critical interview… https://t.co/m2GWvnQsiV",47,@CNN
0.0772,Fri Jul 13 02:46:05 +0000 2018,0.933,0.0,0.067,The number of overdose deaths involving the potent narcotic fentanyl and variations of the drug nearly doubled betw… https://t.co/Rb6B9oN6yV,48,@CNN
0.0,Fri Jul 13 02:31:05 +0000 2018,1.0,0.0,0.0,Fifty-eight immigrant children under the age of 5 have been reunited with their parents after being separated at th… https://t.co/BKvjE6gchQ,49,@CNN
0.505,Fri Jul 13 02:21:05 +0000 2018,0.753,0.0,0.247,Dear Senate: Don't forget to ask Kavanaugh about immigration | By Leon Fresco via @CNNOpinion… https://t.co/I1hjbS0Ii6,50,@CNN
-0.3818,Fri Jul 13 02:11:03 +0000 2018,0.867,0.133,0.0,The Consumer Financial Protection Bureau says the Department of Education is blocking access to documents it needs… https://t.co/Rh9EOBEMT5,51,@CNN
0.0,Fri Jul 13 02:05:42 +0000 2018,1.0,0.0,0.0,RT @CuomoPrimeTime: Trump’s executive order was a ruse. “I said it on the show then... it has been proven every day since. Fugazi is the wo…,52,@CNN
0.0,Fri Jul 13 02:01:54 +0000 2018,1.0,0.0,0.0,"For the first time, scientists have been able to trace the origins of a ghostly subatomic particle that traveled 3.… https://t.co/Gx7K4K7TWF",53,@CNN
0.0,Fri Jul 13 01:51:03 +0000 2018,1.0,0.0,0.0,House Majority Leader Kevin McCarthy confirmed that the House will vote on a Democratic bill to dismantle US Immigr… https://t.co/17D3N99jMB,54,@CNN
0.0,Fri Jul 13 01:41:05 +0000 2018,1.0,0.0,0.0,Trump won't rule out ceasing military exercises if Putin asks https://t.co/Z52oHrH43h https://t.co/2NSsYzO8lO,55,@CNN
-0.2023,Fri Jul 13 01:39:17 +0000 2018,0.872,0.128,0.0,RT @CuomoPrimeTime: “I believe you can’t take the bias out of your actions… the bias speaks for itself.” Republican @RepChrisCollins tells…,56,@CNN
0.4215,Fri Jul 13 01:31:08 +0000 2018,0.872,0.0,0.128,"Former President George W Bush said he is ""disturbed"" by the immigration debate taking place in the United States b… https://t.co/7NPp6yieRz",57,@CNN
-0.3089,Fri Jul 13 01:27:32 +0000 2018,0.899,0.101,0.0,"After Rep. Gowdy says ""I don't appreciate having an FBI with an unprecedented level of animus working on two major… https://t.co/IXcoZwrSGB",58,@CNN
0.2709,Fri Jul 13 01:25:47 +0000 2018,0.751,0.083,0.166,"RT @AC360: Anderson Cooper: Despite President Trump’s claim, the US’s allies did not actually agree to boost their defense spending to 4 pe…",59,@CNN
0.631,Fri Jul 13 01:21:05 +0000 2018,0.794,0.0,0.206,"Trump was ""all snarls"" in public, but ""all smiles"" in private at NATO, diplomats say https://t.co/wYVd69XJu7 https://t.co/qQrUzOAMBF",60,@CNN
-0.4019,Fri Jul 13 03:21:08 +0000 2018,0.856,0.144,0.0,The Illinois and Iowa health departments are investigating outbreaks of a parasite that causes intestinal illness a… https://t.co/eZeY93wL5X,61,@CNN
0.0,Fri Jul 13 03:19:30 +0000 2018,1.0,0.0,0.0,"RT @AC360: Democrat Rep. @RepSwalwell: ""If I was at the FBI he [Peter Strzok] wouldn’t be working for me, and I think Robert Mueller did th…",62,@CNN
-0.1531,Fri Jul 13 03:16:06 +0000 2018,0.922,0.078,0.0,The US Food and Drug Administration is forming a Drug Shortages Task Force to look into the country's persistent dr… https://t.co/WECPWR0D0Y,63,@CNN
-0.296,Fri Jul 13 03:13:58 +0000 2018,0.714,0.147,0.138,"Commerce Secretary Wilbur Ross has admitted to ""errors"" in failing to divest assets required by his government ethi… https://t.co/mwSpgzQTIw",64,@CNN
0.1027,Fri Jul 13 03:09:39 +0000 2018,0.833,0.076,0.091,"RT @CNNTonight: ""What it was like was a shark tank ... there were a group that wanted nothing more than to undercut, to cut down, Peter Str…",65,@CNN
-0.7184,Fri Jul 13 03:01:04 +0000 2018,0.739,0.261,0.0,27 more people have gotten sick in a multistate outbreak of salmonella illness linked to recalled Kellogg's Honey S… https://t.co/OZmcTpGRqD,66,@CNN
0.7321,Fri Jul 13 02:51:05 +0000 2018,0.709,0.0,0.291,"Trump confidant says the President had a ""love fest"" with British PM Theresa May, despite critical interview… https://t.co/m2GWvnQsiV",67,@CNN
0.0772,Fri Jul 13 02:46:05 +0000 2018,0.933,0.0,0.067,The number of overdose deaths involving the potent narcotic fentanyl and variations of the drug nearly doubled betw… https://t.co/Rb6B9oN6yV,68,@CNN
0.0,Fri Jul 13 02:31:05 +0000 2018,1.0,0.0,0.0,Fifty-eight immigrant children under the age of 5 have been reunited with their parents after being separated at th… https://t.co/BKvjE6gchQ,69,@CNN
0.505,Fri Jul 13 02:21:05 +0000 2018,0.753,0.0,0.247,Dear Senate: Don't forget to ask Kavanaugh about immigration | By Leon Fresco via @CNNOpinion… https://t.co/I1hjbS0Ii6,70,@CNN
-0.3818,Fri Jul 13 02:11:03 +0000 2018,0.867,0.133,0.0,The Consumer Financial Protection Bureau says the Department of Education is blocking access to documents it needs… https://t.co/Rh9EOBEMT5,71,@CNN
0.0,Fri Jul 13 02:05:42 +0000 2018,1.0,0.0,0.0,RT @CuomoPrimeTime: Trump’s executive order was a ruse. “I said it on the show then... it has been proven every day since. Fugazi is the wo…,72,@CNN
0.0,Fri Jul 13 02:01:54 +0000 2018,1.0,0.0,0.0,"For the first time, scientists have been able to trace the origins of a ghostly subatomic particle that traveled 3.… https://t.co/Gx7K4K7TWF",73,@CNN
0.0,Fri Jul 13 01:51:03 +0000 2018,1.0,0.0,0.0,House Majority Leader Kevin McCarthy confirmed that the House will vote on a Democratic bill to dismantle US Immigr… https://t.co/17D3N99jMB,74,@CNN
0.0,Fri Jul 13 01:41:05 +0000 2018,1.0,0.0,0.0,Trump won't rule out ceasing military exercises if Putin asks https://t.co/Z52oHrH43h https://t.co/2NSsYzO8lO,75,@CNN
-0.2023,Fri Jul 13 01:39:17 +0000 2018,0.872,0.128,0.0,RT @CuomoPrimeTime: “I believe you can’t take the bias out of your actions… the bias speaks for itself.” Republican @RepChrisCollins tells…,76,@CNN
0.4215,Fri Jul 13 01:31:08 +0000 2018,0.872,0.0,0.128,"Former President George W Bush said he is ""disturbed"" by the immigration debate taking place in the United States b… https://t.co/7NPp6yieRz",77,@CNN
-0.3089,Fri Jul 13 01:27:32 +0000 2018,0.899,0.101,0.0,"After Rep. Gowdy says ""I don't appreciate having an FBI with an unprecedented level of animus working on two major… https://t.co/IXcoZwrSGB",78,@CNN
0.2709,Fri Jul 13 01:25:47 +0000 2018,0.751,0.083,0.166,"RT @AC360: Anderson Cooper: Despite President Trump’s claim, the US’s allies did not actually agree to boost their defense spending to 4 pe…",79,@CNN
0.631,Fri Jul 13 01:21:05 +0000 2018,0.794,0.0,0.206,"Trump was ""all snarls"" in public, but ""all smiles"" in private at NATO, diplomats say https://t.co/wYVd69XJu7 https://t.co/qQrUzOAMBF",80,@CNN
-0.4019,Fri Jul 13 03:21:08 +0000 2018,0.856,0.144,0.0,The Illinois and Iowa health departments are investigating outbreaks of a parasite that causes intestinal illness a… https://t.co/eZeY93wL5X,81,@CNN
0.0,Fri Jul 13 03:19:30 +0000 2018,1.0,0.0,0.0,"RT @AC360: Democrat Rep. @RepSwalwell: ""If I was at the FBI he [Peter Strzok] wouldn’t be working for me, and I think Robert Mueller did th…",82,@CNN
-0.1531,Fri Jul 13 03:16:06 +0000 2018,0.922,0.078,0.0,The US Food and Drug Administration is forming a Drug Shortages Task Force to look into the country's persistent dr… https://t.co/WECPWR0D0Y,83,@CNN
-0.296,Fri Jul 13 03:13:58 +0000 2018,0.714,0.147,0.138,"Commerce Secretary Wilbur Ross has admitted to ""errors"" in failing to divest assets required by his government ethi… https://t.co/mwSpgzQTIw",84,@CNN
0.1027,Fri Jul 13 03:09:39 +0000 2018,0.833,0.076,0.091,"RT @CNNTonight: ""What it was like was a shark tank ... there were a group that wanted nothing more than to undercut, to cut down, Peter Str…",85,@CNN
-0.7184,Fri Jul 13 03:01:04 +0000 2018,0.739,0.261,0.0,27 more people have gotten sick in a multistate outbreak of salmonella illness linked to recalled Kellogg's Honey S… https://t.co/OZmcTpGRqD,86,@CNN
0.7321,Fri Jul 13 02:51:05 +0000 2018,0.709,0.0,0.291,"Trump confidant says the President had a ""love fest"" with British PM Theresa May, despite critical interview… https://t.co/m2GWvnQsiV",87,@CNN
0.0772,Fri Jul 13 02:46:05 +0000 2018,0.933,0.0,0.067,The number of overdose deaths involving the potent narcotic fentanyl and variations of the drug nearly doubled betw… https://t.co/Rb6B9oN6yV,88,@CNN
0.0,Fri Jul 13 02:31:05 +0000 2018,1.0,0.0,0.0,Fifty-eight immigrant children under the age of 5 have been reunited with their parents after being separated at th… https://t.co/BKvjE6gchQ,89,@CNN
0.505,Fri Jul 13 02:21:05 +0000 2018,0.753,0.0,0.247,Dear Senate: Don't forget to ask Kavanaugh about immigration | By Leon Fresco via @CNNOpinion… https://t.co/I1hjbS0Ii6,90,@CNN
-0.3818,Fri Jul 13 02:11:03 +0000 2018,0.867,0.133,0.0,The Consumer Financial Protection Bureau says the Department of Education is blocking access to documents it needs… https://t.co/Rh9EOBEMT5,91,@CNN
0.0,Fri Jul 13 02:05:42 +0000 2018,1.0,0.0,0.0,RT @CuomoPrimeTime: Trump’s executive order was a ruse. “I said it on the show then... it has been proven every day since. Fugazi is the wo…,92,@CNN
0.0,Fri Jul 13 02:01:54 +0000 2018,1.0,0.0,0.0,"For the first time, scientists have been able to trace the origins of a ghostly subatomic particle that traveled 3.… https://t.co/Gx7K4K7TWF",93,@CNN
0.0,Fri Jul 13 01:51:03 +0000 2018,1.0,0.0,0.0,House Majority Leader Kevin McCarthy confirmed that the House will vote on a Democratic bill to dismantle US Immigr… https://t.co/17D3N99jMB,94,@CNN
0.0,Fri Jul 13 01:41:05 +0000 2018,1.0,0.0,0.0,Trump won't rule out ceasing military exercises if Putin asks https://t.co/Z52oHrH43h https://t.co/2NSsYzO8lO,95,@CNN
-0.2023,Fri Jul 13 01:39:17 +0000 2018,0.872,0.128,0.0,RT @CuomoPrimeTime: “I believe you can’t take the bias out of your actions… the bias speaks for itself.” Republican @RepChrisCollins tells…,96,@CNN
0.4215,Fri Jul 13 01:31:08 +0000 2018,0.872,0.0,0.128,"Former President George W Bush said he is ""disturbed"" by the immigration debate taking place in the United States b… https://t.co/7NPp6yieRz",97,@CNN
-0.3089,Fri Jul 13 01:27:32 +0000 2018,0.899,0.101,0.0,"After Rep. Gowdy says ""I don't appreciate having an FBI with an unprecedented level of animus working on two major… https://t.co/IXcoZwrSGB",98,@CNN
0.2709,Fri Jul 13 01:25:47 +0000 2018,0.751,0.083,0.166,"RT @AC360: Anderson Cooper: Despite President Trump’s claim, the US’s allies did not actually agree to boost their defense spending to 4 pe…",99,@CNN
0.631,Fri Jul 13 01:21:05 +0000 2018,0.794,0.0,0.206,"Trump was ""all snarls"" in public, but ""all smiles"" in private at NATO, diplomats say https://t.co/wYVd69XJu7 https://t.co/qQrUzOAMBF",100,@CNN
-0.3182,Fri Jul 13 03:17:01 +0000 2018,0.733,0.168,0.099,A painting worth $1 million has turned up 4 decades after it was stolen from a Manhattan warehouse https://t.co/334A5NHqlB,1,@nytimes
0.4019,Fri Jul 13 03:02:03 +0000 2018,0.847,0.0,0.153,2 Democratic senators asked federal regulators to investigate the business practices of smart TV manufacturers amid… https://t.co/QSJBVhkELf,2,@nytimes
0.0,Fri Jul 13 02:47:04 +0000 2018,1.0,0.0,0.0,"Tech companies have changed the world by building answers to obvious questions — but now the obvious, pressing ques… https://t.co/iCfEVikIcp",3,@nytimes
-0.2263,Fri Jul 13 02:32:03 +0000 2018,0.899,0.101,0.0,Many celebrities and politicians found their Twitter followings knocked down a few digits as the company slashed te… https://t.co/IzbV0vNBHT,4,@nytimes
0.6249,Fri Jul 13 02:17:05 +0000 2018,0.814,0.0,0.186,RT @PamelaPaulNYT: Now you finally get to know which books the great Michiko Kakutani really wants to read. https://t.co/5gQ2abkmTF,5,@nytimes
0.0,Fri Jul 13 02:02:04 +0000 2018,1.0,0.0,0.0,Ireland is expected to become the first country to formally pledge to divest from fossil fuels https://t.co/24zgVmfSl5,6,@nytimes
0.5106,Fri Jul 13 01:47:03 +0000 2018,0.837,0.0,0.163,"“I still can’t believe it worked.” Inside the Thai soccer team's rescue: floating stretchers, anti-anxiety pills an… https://t.co/KdCrVdGMP6",7,@nytimes
0.0,Fri Jul 13 01:32:05 +0000 2018,1.0,0.0,0.0,"Deloitte employees are calling for the firm to end its consulting for ICE, circulating a petition saying they have… https://t.co/6lP0ijdrRS",8,@nytimes
-0.5267,Fri Jul 13 01:17:03 +0000 2018,0.82,0.18,0.0,"RT @FrancesRobles: FEMA's own assessment of its handling of the Puerto Rico hurricane shows it vastly underestimated the need, lost track o…",9,@nytimes
0.0,Fri Jul 13 01:02:04 +0000 2018,1.0,0.0,0.0,Evening Briefing: Here's what you need to know at the end of the day https://t.co/K8eMfXe0Ml,10,@nytimes
-0.802,Fri Jul 13 00:47:05 +0000 2018,0.709,0.291,0.0,RT @nytopinion: Hurricane Maria killed 70 times more people in Puerto Rico than the official estimate. Family members of the victims warn t…,11,@nytimes
0.0,Fri Jul 13 00:32:04 +0000 2018,1.0,0.0,0.0,"In Okinawa, Japan, a place where the average life expectancy for women is around 90, people form a kind of social n… https://t.co/mXzm25NWds",12,@nytimes
-0.4588,Fri Jul 13 00:21:04 +0000 2018,0.833,0.167,0.0,"RT @nytimesbooks: Obama and Biden have run-ins with a biker gang, drug dealers and a corrupt cop. They try to shake Obama’s humorless secre…",13,@nytimes
0.0,Fri Jul 13 00:11:05 +0000 2018,1.0,0.0,0.0,Manhattanhenge is happening again tonight and tomorrow. Here's what you need to know. https://t.co/VkI094d4gf,14,@nytimes
0.0,Fri Jul 13 00:00:15 +0000 2018,1.0,0.0,0.0,Bette Nesmith Graham didn’t tell anyone at first. She mixed the concoction in her blender and poured it into nail p… https://t.co/D9Zib5UBBD,15,@nytimes
-0.296,Thu Jul 12 23:47:05 +0000 2018,0.896,0.104,0.0,"The Weinstein Company has no more Weinsteins. Bob Weinstein, chairman of the studio, will step down from the board… https://t.co/sbFhUQm9Uq",16,@nytimes
-0.8316,Thu Jul 12 23:32:07 +0000 2018,0.659,0.341,0.0,A Chicago man who was caught on video harassing a woman over a Puerto Rican flag shirt was charged with felony hate… https://t.co/6fUpWN7RNI,17,@nytimes
0.0,Thu Jul 12 23:21:02 +0000 2018,1.0,0.0,0.0,RT @nytimesarts: Sandra Oh talks about being the first Asian woman nominated for Lead Actress in a Drama https://t.co/wT7yw9Cfe9,18,@nytimes
-0.3612,Thu Jul 12 23:10:08 +0000 2018,0.872,0.128,0.0,Breaking News: President Trump inserted himself into Britain's debate over leaving the EU and criticized how Prime… https://t.co/x0JZaegUsk,19,@nytimes
0.0,Thu Jul 12 23:02:03 +0000 2018,1.0,0.0,0.0,Here’s the full list of 2018 Emmy nominations: https://t.co/GSAPzLOM57,20,@nytimes
-0.3182,Fri Jul 13 03:17:01 +0000 2018,0.733,0.168,0.099,A painting worth $1 million has turned up 4 decades after it was stolen from a Manhattan warehouse https://t.co/334A5NHqlB,21,@nytimes
0.4019,Fri Jul 13 03:02:03 +0000 2018,0.847,0.0,0.153,2 Democratic senators asked federal regulators to investigate the business practices of smart TV manufacturers amid… https://t.co/QSJBVhkELf,22,@nytimes
0.0,Fri Jul 13 02:47:04 +0000 2018,1.0,0.0,0.0,"Tech companies have changed the world by building answers to obvious questions — but now the obvious, pressing ques… https://t.co/iCfEVikIcp",23,@nytimes
-0.2263,Fri Jul 13 02:32:03 +0000 2018,0.899,0.101,0.0,Many celebrities and politicians found their Twitter followings knocked down a few digits as the company slashed te… https://t.co/IzbV0vNBHT,24,@nytimes
0.6249,Fri Jul 13 02:17:05 +0000 2018,0.814,0.0,0.186,RT @PamelaPaulNYT: Now you finally get to know which books the great Michiko Kakutani really wants to read. https://t.co/5gQ2abkmTF,25,@nytimes
0.0,Fri Jul 13 02:02:04 +0000 2018,1.0,0.0,0.0,Ireland is expected to become the first country to formally pledge to divest from fossil fuels https://t.co/24zgVmfSl5,26,@nytimes
0.5106,Fri Jul 13 01:47:03 +0000 2018,0.837,0.0,0.163,"“I still can’t believe it worked.” Inside the Thai soccer team's rescue: floating stretchers, anti-anxiety pills an… https://t.co/KdCrVdGMP6",27,@nytimes
0.0,Fri Jul 13 01:32:05 +0000 2018,1.0,0.0,0.0,"Deloitte employees are calling for the firm to end its consulting for ICE, circulating a petition saying they have… https://t.co/6lP0ijdrRS",28,@nytimes
-0.5267,Fri Jul 13 01:17:03 +0000 2018,0.82,0.18,0.0,"RT @FrancesRobles: FEMA's own assessment of its handling of the Puerto Rico hurricane shows it vastly underestimated the need, lost track o…",29,@nytimes
0.0,Fri Jul 13 01:02:04 +0000 2018,1.0,0.0,0.0,Evening Briefing: Here's what you need to know at the end of the day https://t.co/K8eMfXe0Ml,30,@nytimes
-0.802,Fri Jul 13 00:47:05 +0000 2018,0.709,0.291,0.0,RT @nytopinion: Hurricane Maria killed 70 times more people in Puerto Rico than the official estimate. Family members of the victims warn t…,31,@nytimes
0.0,Fri Jul 13 00:32:04 +0000 2018,1.0,0.0,0.0,"In Okinawa, Japan, a place where the average life expectancy for women is around 90, people form a kind of social n… https://t.co/mXzm25NWds",32,@nytimes
-0.4588,Fri Jul 13 00:21:04 +0000 2018,0.833,0.167,0.0,"RT @nytimesbooks: Obama and Biden have run-ins with a biker gang, drug dealers and a corrupt cop. They try to shake Obama’s humorless secre…",33,@nytimes
0.0,Fri Jul 13 00:11:05 +0000 2018,1.0,0.0,0.0,Manhattanhenge is happening again tonight and tomorrow. Here's what you need to know. https://t.co/VkI094d4gf,34,@nytimes
0.0,Fri Jul 13 00:00:15 +0000 2018,1.0,0.0,0.0,Bette Nesmith Graham didn’t tell anyone at first. She mixed the concoction in her blender and poured it into nail p… https://t.co/D9Zib5UBBD,35,@nytimes
-0.296,Thu Jul 12 23:47:05 +0000 2018,0.896,0.104,0.0,"The Weinstein Company has no more Weinsteins. Bob Weinstein, chairman of the studio, will step down from the board… https://t.co/sbFhUQm9Uq",36,@nytimes
-0.8316,Thu Jul 12 23:32:07 +0000 2018,0.659,0.341,0.0,A Chicago man who was caught on video harassing a woman over a Puerto Rican flag shirt was charged with felony hate… https://t.co/6fUpWN7RNI,37,@nytimes
0.0,Thu Jul 12 23:21:02 +0000 2018,1.0,0.0,0.0,RT @nytimesarts: Sandra Oh talks about being the first Asian woman nominated for Lead Actress in a Drama https://t.co/wT7yw9Cfe9,38,@nytimes
-0.3612,Thu Jul 12 23:10:08 +0000 2018,0.872,0.128,0.0,Breaking News: President Trump inserted himself into Britain's debate over leaving the EU and criticized how Prime… https://t.co/x0JZaegUsk,39,@nytimes
0.0,Thu Jul 12 23:02:03 +0000 2018,1.0,0.0,0.0,Here’s the full list of 2018 Emmy nominations: https://t.co/GSAPzLOM57,40,@nytimes
-0.3182,Fri Jul 13 03:17:01 +0000 2018,0.733,0.168,0.099,A painting worth $1 million has turned up 4 decades after it was stolen from a Manhattan warehouse https://t.co/334A5NHqlB,41,@nytimes
0.4019,Fri Jul 13 03:02:03 +0000 2018,0.847,0.0,0.153,2 Democratic senators asked federal regulators to investigate the business practices of smart TV manufacturers amid… https://t.co/QSJBVhkELf,42,@nytimes
0.0,Fri Jul 13 02:47:04 +0000 2018,1.0,0.0,0.0,"Tech companies have changed the world by building answers to obvious questions — but now the obvious, pressing ques… https://t.co/iCfEVikIcp",43,@nytimes
-0.2263,Fri Jul 13 02:32:03 +0000 2018,0.899,0.101,0.0,Many celebrities and politicians found their Twitter followings knocked down a few digits as the company slashed te… https://t.co/IzbV0vNBHT,44,@nytimes
0.6249,Fri Jul 13 02:17:05 +0000 2018,0.814,0.0,0.186,RT @PamelaPaulNYT: Now you finally get to know which books the great Michiko Kakutani really wants to read. https://t.co/5gQ2abkmTF,45,@nytimes
0.0,Fri Jul 13 02:02:04 +0000 2018,1.0,0.0,0.0,Ireland is expected to become the first country to formally pledge to divest from fossil fuels https://t.co/24zgVmfSl5,46,@nytimes
0.5106,Fri Jul 13 01:47:03 +0000 2018,0.837,0.0,0.163,"“I still can’t believe it worked.” Inside the Thai soccer team's rescue: floating stretchers, anti-anxiety pills an… https://t.co/KdCrVdGMP6",47,@nytimes
0.0,Fri Jul 13 01:32:05 +0000 2018,1.0,0.0,0.0,"Deloitte employees are calling for the firm to end its consulting for ICE, circulating a petition saying they have… https://t.co/6lP0ijdrRS",48,@nytimes
-0.5267,Fri Jul 13 01:17:03 +0000 2018,0.82,0.18,0.0,"RT @FrancesRobles: FEMA's own assessment of its handling of the Puerto Rico hurricane shows it vastly underestimated the need, lost track o…",49,@nytimes
0.0,Fri Jul 13 01:02:04 +0000 2018,1.0,0.0,0.0,Evening Briefing: Here's what you need to know at the end of the day https://t.co/K8eMfXe0Ml,50,@nytimes
-0.802,Fri Jul 13 00:47:05 +0000 2018,0.709,0.291,0.0,RT @nytopinion: Hurricane Maria killed 70 times more people in Puerto Rico than the official estimate. Family members of the victims warn t…,51,@nytimes
0.0,Fri Jul 13 00:32:04 +0000 2018,1.0,0.0,0.0,"In Okinawa, Japan, a place where the average life expectancy for women is around 90, people form a kind of social n… https://t.co/mXzm25NWds",52,@nytimes
-0.4588,Fri Jul 13 00:21:04 +0000 2018,0.833,0.167,0.0,"RT @nytimesbooks: Obama and Biden have run-ins with a biker gang, drug dealers and a corrupt cop. They try to shake Obama’s humorless secre…",53,@nytimes
0.0,Fri Jul 13 00:11:05 +0000 2018,1.0,0.0,0.0,Manhattanhenge is happening again tonight and tomorrow. Here's what you need to know. https://t.co/VkI094d4gf,54,@nytimes
0.0,Fri Jul 13 00:00:15 +0000 2018,1.0,0.0,0.0,Bette Nesmith Graham didn’t tell anyone at first. She mixed the concoction in her blender and poured it into nail p… https://t.co/D9Zib5UBBD,55,@nytimes
-0.296,Thu Jul 12 23:47:05 +0000 2018,0.896,0.104,0.0,"The Weinstein Company has no more Weinsteins. Bob Weinstein, chairman of the studio, will step down from the board… https://t.co/sbFhUQm9Uq",56,@nytimes
-0.8316,Thu Jul 12 23:32:07 +0000 2018,0.659,0.341,0.0,A Chicago man who was caught on video harassing a woman over a Puerto Rican flag shirt was charged with felony hate… https://t.co/6fUpWN7RNI,57,@nytimes
0.0,Thu Jul 12 23:21:02 +0000 2018,1.0,0.0,0.0,RT @nytimesarts: Sandra Oh talks about being the first Asian woman nominated for Lead Actress in a Drama https://t.co/wT7yw9Cfe9,58,@nytimes
-0.3612,Thu Jul 12 23:10:08 +0000 2018,0.872,0.128,0.0,Breaking News: President Trump inserted himself into Britain's debate over leaving the EU and criticized how Prime… https://t.co/x0JZaegUsk,59,@nytimes
0.0,Thu Jul 12 23:02:03 +0000 2018,1.0,0.0,0.0,Here’s the full list of 2018 Emmy nominations: https://t.co/GSAPzLOM57,60,@nytimes
-0.3182,Fri Jul 13 03:17:01 +0000 2018,0.733,0.168,0.099,A painting worth $1 million has turned up 4 decades after it was stolen from a Manhattan warehouse https://t.co/334A5NHqlB,61,@nytimes
0.4019,Fri Jul 13 03:02:03 +0000 2018,0.847,0.0,0.153,2 Democratic senators asked federal regulators to investigate the business practices of smart TV manufacturers amid… https://t.co/QSJBVhkELf,62,@nytimes
0.0,Fri Jul 13 02:47:04 +0000 2018,1.0,0.0,0.0,"Tech companies have changed the world by building answers to obvious questions — but now the obvious, pressing ques… https://t.co/iCfEVikIcp",63,@nytimes
-0.2263,Fri Jul 13 02:32:03 +0000 2018,0.899,0.101,0.0,Many celebrities and politicians found their Twitter followings knocked down a few digits as the company slashed te… https://t.co/IzbV0vNBHT,64,@nytimes
0.6249,Fri Jul 13 02:17:05 +0000 2018,0.814,0.0,0.186,RT @PamelaPaulNYT: Now you finally get to know which books the great Michiko Kakutani really wants to read. https://t.co/5gQ2abkmTF,65,@nytimes
0.0,Fri Jul 13 02:02:04 +0000 2018,1.0,0.0,0.0,Ireland is expected to become the first country to formally pledge to divest from fossil fuels https://t.co/24zgVmfSl5,66,@nytimes
0.5106,Fri Jul 13 01:47:03 +0000 2018,0.837,0.0,0.163,"“I still can’t believe it worked.” Inside the Thai soccer team's rescue: floating stretchers, anti-anxiety pills an… https://t.co/KdCrVdGMP6",67,@nytimes
0.0,Fri Jul 13 01:32:05 +0000 2018,1.0,0.0,0.0,"Deloitte employees are calling for the firm to end its consulting for ICE, circulating a petition saying they have… https://t.co/6lP0ijdrRS",68,@nytimes
-0.5267,Fri Jul 13 01:17:03 +0000 2018,0.82,0.18,0.0,"RT @FrancesRobles: FEMA's own assessment of its handling of the Puerto Rico hurricane shows it vastly underestimated the need, lost track o…",69,@nytimes
0.0,Fri Jul 13 01:02:04 +0000 2018,1.0,0.0,0.0,Evening Briefing: Here's what you need to know at the end of the day https://t.co/K8eMfXe0Ml,70,@nytimes
-0.802,Fri Jul 13 00:47:05 +0000 2018,0.709,0.291,0.0,RT @nytopinion: Hurricane Maria killed 70 times more people in Puerto Rico than the official estimate. Family members of the victims warn t…,71,@nytimes
0.0,Fri Jul 13 00:32:04 +0000 2018,1.0,0.0,0.0,"In Okinawa, Japan, a place where the average life expectancy for women is around 90, people form a kind of social n… https://t.co/mXzm25NWds",72,@nytimes
-0.4588,Fri Jul 13 00:21:04 +0000 2018,0.833,0.167,0.0,"RT @nytimesbooks: Obama and Biden have run-ins with a biker gang, drug dealers and a corrupt cop. They try to shake Obama’s humorless secre…",73,@nytimes
0.0,Fri Jul 13 00:11:05 +0000 2018,1.0,0.0,0.0,Manhattanhenge is happening again tonight and tomorrow. Here's what you need to know. https://t.co/VkI094d4gf,74,@nytimes
0.0,Fri Jul 13 00:00:15 +0000 2018,1.0,0.0,0.0,Bette Nesmith Graham didn’t tell anyone at first. She mixed the concoction in her blender and poured it into nail p… https://t.co/D9Zib5UBBD,75,@nytimes
-0.296,Thu Jul 12 23:47:05 +0000 2018,0.896,0.104,0.0,"The Weinstein Company has no more Weinsteins. Bob Weinstein, chairman of the studio, will step down from the board… https://t.co/sbFhUQm9Uq",76,@nytimes
-0.8316,Thu Jul 12 23:32:07 +0000 2018,0.659,0.341,0.0,A Chicago man who was caught on video harassing a woman over a Puerto Rican flag shirt was charged with felony hate… https://t.co/6fUpWN7RNI,77,@nytimes
0.0,Thu Jul 12 23:21:02 +0000 2018,1.0,0.0,0.0,RT @nytimesarts: Sandra Oh talks about being the first Asian woman nominated for Lead Actress in a Drama https://t.co/wT7yw9Cfe9,78,@nytimes
-0.3612,Thu Jul 12 23:10:08 +0000 2018,0.872,0.128,0.0,Breaking News: President Trump inserted himself into Britain's debate over leaving the EU and criticized how Prime… https://t.co/x0JZaegUsk,79,@nytimes
0.0,Thu Jul 12 23:02:03 +0000 2018,1.0,0.0,0.0,Here’s the full list of 2018 Emmy nominations: https://t.co/GSAPzLOM57,80,@nytimes
-0.3182,Fri Jul 13 03:17:01 +0000 2018,0.733,0.168,0.099,A painting worth $1 million has turned up 4 decades after it was stolen from a Manhattan warehouse https://t.co/334A5NHqlB,81,@nytimes
0.4019,Fri Jul 13 03:02:03 +0000 2018,0.847,0.0,0.153,2 Democratic senators asked federal regulators to investigate the business practices of smart TV manufacturers amid… https://t.co/QSJBVhkELf,82,@nytimes
0.0,Fri Jul 13 02:47:04 +0000 2018,1.0,0.0,0.0,"Tech companies have changed the world by building answers to obvious questions — but now the obvious, pressing ques… https://t.co/iCfEVikIcp",83,@nytimes
-0.2263,Fri Jul 13 02:32:03 +0000 2018,0.899,0.101,0.0,Many celebrities and politicians found their Twitter followings knocked down a few digits as the company slashed te… https://t.co/IzbV0vNBHT,84,@nytimes
0.6249,Fri Jul 13 02:17:05 +0000 2018,0.814,0.0,0.186,RT @PamelaPaulNYT: Now you finally get to know which books the great Michiko Kakutani really wants to read. https://t.co/5gQ2abkmTF,85,@nytimes
0.0,Fri Jul 13 02:02:04 +0000 2018,1.0,0.0,0.0,Ireland is expected to become the first country to formally pledge to divest from fossil fuels https://t.co/24zgVmfSl5,86,@nytimes
0.5106,Fri Jul 13 01:47:03 +0000 2018,0.837,0.0,0.163,"“I still can’t believe it worked.” Inside the Thai soccer team's rescue: floating stretchers, anti-anxiety pills an… https://t.co/KdCrVdGMP6",87,@nytimes
0.0,Fri Jul 13 01:32:05 +0000 2018,1.0,0.0,0.0,"Deloitte employees are calling for the firm to end its consulting for ICE, circulating a petition saying they have… https://t.co/6lP0ijdrRS",88,@nytimes
-0.5267,Fri Jul 13 01:17:03 +0000 2018,0.82,0.18,0.0,"RT @FrancesRobles: FEMA's own assessment of its handling of the Puerto Rico hurricane shows it vastly underestimated the need, lost track o…",89,@nytimes
0.0,Fri Jul 13 01:02:04 +0000 2018,1.0,0.0,0.0,Evening Briefing: Here's what you need to know at the end of the day https://t.co/K8eMfXe0Ml,90,@nytimes
-0.802,Fri Jul 13 00:47:05 +0000 2018,0.709,0.291,0.0,RT @nytopinion: Hurricane Maria killed 70 times more people in Puerto Rico than the official estimate. Family members of the victims warn t…,91,@nytimes
0.0,Fri Jul 13 00:32:04 +0000 2018,1.0,0.0,0.0,"In Okinawa, Japan, a place where the average life expectancy for women is around 90, people form a kind of social n… https://t.co/mXzm25NWds",92,@nytimes
-0.4588,Fri Jul 13 00:21:04 +0000 2018,0.833,0.167,0.0,"RT @nytimesbooks: Obama and Biden have run-ins with a biker gang, drug dealers and a corrupt cop. They try to shake Obama’s humorless secre…",93,@nytimes
0.0,Fri Jul 13 00:11:05 +0000 2018,1.0,0.0,0.0,Manhattanhenge is happening again tonight and tomorrow. Here's what you need to know. https://t.co/VkI094d4gf,94,@nytimes
0.0,Fri Jul 13 00:00:15 +0000 2018,1.0,0.0,0.0,Bette Nesmith Graham didn’t tell anyone at first. She mixed the concoction in her blender and poured it into nail p… https://t.co/D9Zib5UBBD,95,@nytimes
-0.296,Thu Jul 12 23:47:05 +0000 2018,0.896,0.104,0.0,"The Weinstein Company has no more Weinsteins. Bob Weinstein, chairman of the studio, will step down from the board… https://t.co/sbFhUQm9Uq",96,@nytimes
-0.8316,Thu Jul 12 23:32:07 +0000 2018,0.659,0.341,0.0,A Chicago man who was caught on video harassing a woman over a Puerto Rican flag shirt was charged with felony hate… https://t.co/6fUpWN7RNI,97,@nytimes
0.0,Thu Jul 12 23:21:02 +0000 2018,1.0,0.0,0.0,RT @nytimesarts: Sandra Oh talks about being the first Asian woman nominated for Lead Actress in a Drama https://t.co/wT7yw9Cfe9,98,@nytimes
-0.3612,Thu Jul 12 23:10:08 +0000 2018,0.872,0.128,0.0,Breaking News: President Trump inserted himself into Britain's debate over leaving the EU and criticized how Prime… https://t.co/x0JZaegUsk,99,@nytimes
0.0,Thu Jul 12 23:02:03 +0000 2018,1.0,0.0,0.0,Here’s the full list of 2018 Emmy nominations: https://t.co/GSAPzLOM57,100,@nytimes
-0.296,Fri Jul 13 03:02:13 +0000 2018,0.814,0.136,0.05,"RT @BBCMaryam: As President Trump warns that the UK Prime minister’s Brexit strategy is putting a UK/US trade deal at risk, we want to know…",1,@BBCNews
-0.0516,Fri Jul 13 01:57:41 +0000 2018,0.507,0.217,0.275,Leeds school uses spoons to help prevent forced marriage https://t.co/cODxMZKQnM,2,@BBCNews
0.0,Fri Jul 13 01:22:46 +0000 2018,1.0,0.0,0.0,Why Brussels is keeping quiet on May's White Paper https://t.co/6w9BtpEj4g,3,@BBCNews
-0.5106,Fri Jul 13 01:05:12 +0000 2018,0.752,0.248,0.0,"X-ray body scanner not used at Wandsworth prison, report finds https://t.co/qdmkf54gIX",4,@BBCNews
0.0,Fri Jul 13 01:00:22 +0000 2018,1.0,0.0,0.0,Derry: Petrol bombs thrown at the PSNI https://t.co/Yzt3T2i68r,5,@BBCNews
-0.3818,Fri Jul 13 00:55:39 +0000 2018,0.776,0.224,0.0,Norfolk Battle of Britain ace Tom 'Ginger' Neil dies https://t.co/gOYPCqUDu0,6,@BBCNews
0.5859,Fri Jul 13 00:17:01 +0000 2018,0.743,0.0,0.257,"'See you in court,' Nova Scotia lotto win aunt tells nephew https://t.co/7gGUmueJws",7,@BBCNews
0.5411,Fri Jul 13 00:02:27 +0000 2018,0.667,0.0,0.333,Phone in the right hand? You're a hacker! https://t.co/tIakfiE7AI,8,@BBCNews
-0.2263,Thu Jul 12 23:59:38 +0000 2018,0.826,0.174,0.0,Trump in the UK: The rules around aerial protests https://t.co/tSaHU6jn4R,9,@BBCNews
0.5574,Thu Jul 12 23:52:01 +0000 2018,0.581,0.0,0.419,Quiz: Who's the hospital hero? https://t.co/KlN9WjN9tY,10,@BBCNews
0.0,Thu Jul 12 23:42:07 +0000 2018,1.0,0.0,0.0,"Iceman's last meal was high-fat, high-calorie feast https://t.co/K2p6ngPAKr",11,@BBCNews
0.0,Thu Jul 12 23:15:43 +0000 2018,1.0,0.0,0.0,Trump 'riding a unicorn over a rainbow' says ex-spokesman Spicer https://t.co/UfblU3K1nt,12,@BBCNews
-0.34,Thu Jul 12 22:26:19 +0000 2018,0.769,0.231,0.0,Newspaper headlines: Trump accuses May of 'wrecking Brexit' https://t.co/zUwWpVBnHm,13,@BBCNews
0.0,Thu Jul 12 22:10:32 +0000 2018,1.0,0.0,0.0,Donald Trump gives May's Brexit plan both barrels https://t.co/G7AGVwMFjZ,14,@BBCNews
-0.6908,Thu Jul 12 22:05:58 +0000 2018,0.657,0.343,0.0,Trump: Brexit plan 'will probably kill' US trade deal https://t.co/bmdIg28fBn,15,@BBCNews
0.0,Thu Jul 12 21:59:26 +0000 2018,1.0,0.0,0.0,"Friday's Times: ""Trump hits out at May's soft #Brexit blueprint"" (via @hendopolis) #tomorrowspaperstoday https://t.co/Ax0t0P3ous",16,@BBCNews
-0.5719,Thu Jul 12 21:59:20 +0000 2018,0.829,0.171,0.0,"Friday's Guardian: ""PM to push Trump on trade deal as Tory anger over #Brexit goes on"" (via @hendopolis)… https://t.co/0Da2F0IRRs",17,@BBCNews
0.0,Thu Jul 12 21:59:14 +0000 2018,1.0,0.0,0.0,"Friday's Mirror: ""Donald Thump"" (via @hendopolis) #tomorrowspaperstoday https://t.co/hUxJaMcG2V",18,@BBCNews
0.0,Thu Jul 12 21:45:10 +0000 2018,1.0,0.0,0.0,Source of cosmic 'ghost' particle revealed https://t.co/liSCDWqjFz,19,@BBCNews
0.3612,Thu Jul 12 21:23:55 +0000 2018,0.8,0.0,0.2,"Friday's Metro: ""Trump: Brits like me a lot"" (via @hendopolis) #tomorrowspaperstoday https://t.co/QCZsH7fjnH",20,@BBCNews
-0.296,Fri Jul 13 03:02:13 +0000 2018,0.814,0.136,0.05,"RT @BBCMaryam: As President Trump warns that the UK Prime minister’s Brexit strategy is putting a UK/US trade deal at risk, we want to know…",21,@BBCNews
-0.0516,Fri Jul 13 01:57:41 +0000 2018,0.507,0.217,0.275,Leeds school uses spoons to help prevent forced marriage https://t.co/cODxMZKQnM,22,@BBCNews
0.0,Fri Jul 13 01:22:46 +0000 2018,1.0,0.0,0.0,Why Brussels is keeping quiet on May's White Paper https://t.co/6w9BtpEj4g,23,@BBCNews
-0.5106,Fri Jul 13 01:05:12 +0000 2018,0.752,0.248,0.0,"X-ray body scanner not used at Wandsworth prison, report finds https://t.co/qdmkf54gIX",24,@BBCNews
0.0,Fri Jul 13 01:00:22 +0000 2018,1.0,0.0,0.0,Derry: Petrol bombs thrown at the PSNI https://t.co/Yzt3T2i68r,25,@BBCNews
-0.3818,Fri Jul 13 00:55:39 +0000 2018,0.776,0.224,0.0,Norfolk Battle of Britain ace Tom 'Ginger' Neil dies https://t.co/gOYPCqUDu0,26,@BBCNews
0.5859,Fri Jul 13 00:17:01 +0000 2018,0.743,0.0,0.257,"'See you in court,' Nova Scotia lotto win aunt tells nephew https://t.co/7gGUmueJws",27,@BBCNews
0.5411,Fri Jul 13 00:02:27 +0000 2018,0.667,0.0,0.333,Phone in the right hand? You're a hacker! https://t.co/tIakfiE7AI,28,@BBCNews
-0.2263,Thu Jul 12 23:59:38 +0000 2018,0.826,0.174,0.0,Trump in the UK: The rules around aerial protests https://t.co/tSaHU6jn4R,29,@BBCNews
0.5574,Thu Jul 12 23:52:01 +0000 2018,0.581,0.0,0.419,Quiz: Who's the hospital hero? https://t.co/KlN9WjN9tY,30,@BBCNews
0.0,Thu Jul 12 23:42:07 +0000 2018,1.0,0.0,0.0,"Iceman's last meal was high-fat, high-calorie feast https://t.co/K2p6ngPAKr",31,@BBCNews
0.0,Thu Jul 12 23:15:43 +0000 2018,1.0,0.0,0.0,Trump 'riding a unicorn over a rainbow' says ex-spokesman Spicer https://t.co/UfblU3K1nt,32,@BBCNews
-0.34,Thu Jul 12 22:26:19 +0000 2018,0.769,0.231,0.0,Newspaper headlines: Trump accuses May of 'wrecking Brexit' https://t.co/zUwWpVBnHm,33,@BBCNews
0.0,Thu Jul 12 22:10:32 +0000 2018,1.0,0.0,0.0,Donald Trump gives May's Brexit plan both barrels https://t.co/G7AGVwMFjZ,34,@BBCNews
-0.6908,Thu Jul 12 22:05:58 +0000 2018,0.657,0.343,0.0,Trump: Brexit plan 'will probably kill' US trade deal https://t.co/bmdIg28fBn,35,@BBCNews
0.0,Thu Jul 12 21:59:26 +0000 2018,1.0,0.0,0.0,"Friday's Times: ""Trump hits out at May's soft #Brexit blueprint"" (via @hendopolis) #tomorrowspaperstoday https://t.co/Ax0t0P3ous",36,@BBCNews
-0.5719,Thu Jul 12 21:59:20 +0000 2018,0.829,0.171,0.0,"Friday's Guardian: ""PM to push Trump on trade deal as Tory anger over #Brexit goes on"" (via @hendopolis)… https://t.co/0Da2F0IRRs",37,@BBCNews
0.0,Thu Jul 12 21:59:14 +0000 2018,1.0,0.0,0.0,"Friday's Mirror: ""Donald Thump"" (via @hendopolis) #tomorrowspaperstoday https://t.co/hUxJaMcG2V",38,@BBCNews
0.0,Thu Jul 12 21:45:10 +0000 2018,1.0,0.0,0.0,Source of cosmic 'ghost' particle revealed https://t.co/liSCDWqjFz,39,@BBCNews
0.3612,Thu Jul 12 21:23:55 +0000 2018,0.8,0.0,0.2,"Friday's Metro: ""Trump: Brits like me a lot"" (via @hendopolis) #tomorrowspaperstoday https://t.co/QCZsH7fjnH",40,@BBCNews
-0.296,Fri Jul 13 03:02:13 +0000 2018,0.814,0.136,0.05,"RT @BBCMaryam: As President Trump warns that the UK Prime minister’s Brexit strategy is putting a UK/US trade deal at risk, we want to know…",41,@BBCNews
-0.0516,Fri Jul 13 01:57:41 +0000 2018,0.507,0.217,0.275,Leeds school uses spoons to help prevent forced marriage https://t.co/cODxMZKQnM,42,@BBCNews
0.0,Fri Jul 13 01:22:46 +0000 2018,1.0,0.0,0.0,Why Brussels is keeping quiet on May's White Paper https://t.co/6w9BtpEj4g,43,@BBCNews
-0.5106,Fri Jul 13 01:05:12 +0000 2018,0.752,0.248,0.0,"X-ray body scanner not used at Wandsworth prison, report finds https://t.co/qdmkf54gIX",44,@BBCNews
0.0,Fri Jul 13 01:00:22 +0000 2018,1.0,0.0,0.0,Derry: Petrol bombs thrown at the PSNI https://t.co/Yzt3T2i68r,45,@BBCNews
-0.3818,Fri Jul 13 00:55:39 +0000 2018,0.776,0.224,0.0,Norfolk Battle of Britain ace Tom 'Ginger' Neil dies https://t.co/gOYPCqUDu0,46,@BBCNews
0.5859,Fri Jul 13 00:17:01 +0000 2018,0.743,0.0,0.257,"'See you in court,' Nova Scotia lotto win aunt tells nephew https://t.co/7gGUmueJws",47,@BBCNews
0.5411,Fri Jul 13 00:02:27 +0000 2018,0.667,0.0,0.333,Phone in the right hand? You're a hacker! https://t.co/tIakfiE7AI,48,@BBCNews
-0.2263,Thu Jul 12 23:59:38 +0000 2018,0.826,0.174,0.0,Trump in the UK: The rules around aerial protests https://t.co/tSaHU6jn4R,49,@BBCNews
0.5574,Thu Jul 12 23:52:01 +0000 2018,0.581,0.0,0.419,Quiz: Who's the hospital hero? https://t.co/KlN9WjN9tY,50,@BBCNews
0.0,Thu Jul 12 23:42:07 +0000 2018,1.0,0.0,0.0,"Iceman's last meal was high-fat, high-calorie feast https://t.co/K2p6ngPAKr",51,@BBCNews
0.0,Thu Jul 12 23:15:43 +0000 2018,1.0,0.0,0.0,Trump 'riding a unicorn over a rainbow' says ex-spokesman Spicer https://t.co/UfblU3K1nt,52,@BBCNews
-0.34,Thu Jul 12 22:26:19 +0000 2018,0.769,0.231,0.0,Newspaper headlines: Trump accuses May of 'wrecking Brexit' https://t.co/zUwWpVBnHm,53,@BBCNews
0.0,Thu Jul 12 22:10:32 +0000 2018,1.0,0.0,0.0,Donald Trump gives May's Brexit plan both barrels https://t.co/G7AGVwMFjZ,54,@BBCNews
-0.6908,Thu Jul 12 22:05:58 +0000 2018,0.657,0.343,0.0,Trump: Brexit plan 'will probably kill' US trade deal https://t.co/bmdIg28fBn,55,@BBCNews
0.0,Thu Jul 12 21:59:26 +0000 2018,1.0,0.0,0.0,"Friday's Times: ""Trump hits out at May's soft #Brexit blueprint"" (via @hendopolis) #tomorrowspaperstoday https://t.co/Ax0t0P3ous",56,@BBCNews
-0.5719,Thu Jul 12 21:59:20 +0000 2018,0.829,0.171,0.0,"Friday's Guardian: ""PM to push Trump on trade deal as Tory anger over #Brexit goes on"" (via @hendopolis)… https://t.co/0Da2F0IRRs",57,@BBCNews
0.0,Thu Jul 12 21:59:14 +0000 2018,1.0,0.0,0.0,"Friday's Mirror: ""Donald Thump"" (via @hendopolis) #tomorrowspaperstoday https://t.co/hUxJaMcG2V",58,@BBCNews
0.0,Thu Jul 12 21:45:10 +0000 2018,1.0,0.0,0.0,Source of cosmic 'ghost' particle revealed https://t.co/liSCDWqjFz,59,@BBCNews
0.3612,Thu Jul 12 21:23:55 +0000 2018,0.8,0.0,0.2,"Friday's Metro: ""Trump: Brits like me a lot"" (via @hendopolis) #tomorrowspaperstoday https://t.co/QCZsH7fjnH",60,@BBCNews
-0.296,Fri Jul 13 03:02:13 +0000 2018,0.814,0.136,0.05,"RT @BBCMaryam: As President Trump warns that the UK Prime minister’s Brexit strategy is putting a UK/US trade deal at risk, we want to know…",61,@BBCNews
-0.0516,Fri Jul 13 01:57:41 +0000 2018,0.507,0.217,0.275,Leeds school uses spoons to help prevent forced marriage https://t.co/cODxMZKQnM,62,@BBCNews
0.0,Fri Jul 13 01:22:46 +0000 2018,1.0,0.0,0.0,Why Brussels is keeping quiet on May's White Paper https://t.co/6w9BtpEj4g,63,@BBCNews
-0.5106,Fri Jul 13 01:05:12 +0000 2018,0.752,0.248,0.0,"X-ray body scanner not used at Wandsworth prison, report finds https://t.co/qdmkf54gIX",64,@BBCNews
0.0,Fri Jul 13 01:00:22 +0000 2018,1.0,0.0,0.0,Derry: Petrol bombs thrown at the PSNI https://t.co/Yzt3T2i68r,65,@BBCNews
-0.3818,Fri Jul 13 00:55:39 +0000 2018,0.776,0.224,0.0,Norfolk Battle of Britain ace Tom 'Ginger' Neil dies https://t.co/gOYPCqUDu0,66,@BBCNews
0.5859,Fri Jul 13 00:17:01 +0000 2018,0.743,0.0,0.257,"'See you in court,' Nova Scotia lotto win aunt tells nephew https://t.co/7gGUmueJws",67,@BBCNews
0.5411,Fri Jul 13 00:02:27 +0000 2018,0.667,0.0,0.333,Phone in the right hand? You're a hacker! https://t.co/tIakfiE7AI,68,@BBCNews
-0.2263,Thu Jul 12 23:59:38 +0000 2018,0.826,0.174,0.0,Trump in the UK: The rules around aerial protests https://t.co/tSaHU6jn4R,69,@BBCNews
0.5574,Thu Jul 12 23:52:01 +0000 2018,0.581,0.0,0.419,Quiz: Who's the hospital hero? https://t.co/KlN9WjN9tY,70,@BBCNews
0.0,Thu Jul 12 23:42:07 +0000 2018,1.0,0.0,0.0,"Iceman's last meal was high-fat, high-calorie feast https://t.co/K2p6ngPAKr",71,@BBCNews
0.0,Thu Jul 12 23:15:43 +0000 2018,1.0,0.0,0.0,Trump 'riding a unicorn over a rainbow' says ex-spokesman Spicer https://t.co/UfblU3K1nt,72,@BBCNews
-0.34,Thu Jul 12 22:26:19 +0000 2018,0.769,0.231,0.0,Newspaper headlines: Trump accuses May of 'wrecking Brexit' https://t.co/zUwWpVBnHm,73,@BBCNews
0.0,Thu Jul 12 22:10:32 +0000 2018,1.0,0.0,0.0,Donald Trump gives May's Brexit plan both barrels https://t.co/G7AGVwMFjZ,74,@BBCNews
-0.6908,Thu Jul 12 22:05:58 +0000 2018,0.657,0.343,0.0,Trump: Brexit plan 'will probably kill' US trade deal https://t.co/bmdIg28fBn,75,@BBCNews
0.0,Thu Jul 12 21:59:26 +0000 2018,1.0,0.0,0.0,"Friday's Times: ""Trump hits out at May's soft #Brexit blueprint"" (via @hendopolis) #tomorrowspaperstoday https://t.co/Ax0t0P3ous",76,@BBCNews
-0.5719,Thu Jul 12 21:59:20 +0000 2018,0.829,0.171,0.0,"Friday's Guardian: ""PM to push Trump on trade deal as Tory anger over #Brexit goes on"" (via @hendopolis)… https://t.co/0Da2F0IRRs",77,@BBCNews
0.0,Thu Jul 12 21:59:14 +0000 2018,1.0,0.0,0.0,"Friday's Mirror: ""Donald Thump"" (via @hendopolis) #tomorrowspaperstoday https://t.co/hUxJaMcG2V",78,@BBCNews
0.0,Thu Jul 12 21:45:10 +0000 2018,1.0,0.0,0.0,Source of cosmic 'ghost' particle revealed https://t.co/liSCDWqjFz,79,@BBCNews
0.3612,Thu Jul 12 21:23:55 +0000 2018,0.8,0.0,0.2,"Friday's Metro: ""Trump: Brits like me a lot"" (via @hendopolis) #tomorrowspaperstoday https://t.co/QCZsH7fjnH",80,@BBCNews
-0.296,Fri Jul 13 03:02:13 +0000 2018,0.814,0.136,0.05,"RT @BBCMaryam: As President Trump warns that the UK Prime minister’s Brexit strategy is putting a UK/US trade deal at risk, we want to know…",81,@BBCNews
-0.0516,Fri Jul 13 01:57:41 +0000 2018,0.507,0.217,0.275,Leeds school uses spoons to help prevent forced marriage https://t.co/cODxMZKQnM,82,@BBCNews
0.0,Fri Jul 13 01:22:46 +0000 2018,1.0,0.0,0.0,Why Brussels is keeping quiet on May's White Paper https://t.co/6w9BtpEj4g,83,@BBCNews
-0.5106,Fri Jul 13 01:05:12 +0000 2018,0.752,0.248,0.0,"X-ray body scanner not used at Wandsworth prison, report finds https://t.co/qdmkf54gIX",84,@BBCNews
0.0,Fri Jul 13 01:00:22 +0000 2018,1.0,0.0,0.0,Derry: Petrol bombs thrown at the PSNI https://t.co/Yzt3T2i68r,85,@BBCNews
-0.3818,Fri Jul 13 00:55:39 +0000 2018,0.776,0.224,0.0,Norfolk Battle of Britain ace Tom 'Ginger' Neil dies https://t.co/gOYPCqUDu0,86,@BBCNews
0.5859,Fri Jul 13 00:17:01 +0000 2018,0.743,0.0,0.257,"'See you in court,' Nova Scotia lotto win aunt tells nephew https://t.co/7gGUmueJws",87,@BBCNews
0.5411,Fri Jul 13 00:02:27 +0000 2018,0.667,0.0,0.333,Phone in the right hand? You're a hacker! https://t.co/tIakfiE7AI,88,@BBCNews
-0.2263,Thu Jul 12 23:59:38 +0000 2018,0.826,0.174,0.0,Trump in the UK: The rules around aerial protests https://t.co/tSaHU6jn4R,89,@BBCNews
0.5574,Thu Jul 12 23:52:01 +0000 2018,0.581,0.0,0.419,Quiz: Who's the hospital hero? https://t.co/KlN9WjN9tY,90,@BBCNews
0.0,Thu Jul 12 23:42:07 +0000 2018,1.0,0.0,0.0,"Iceman's last meal was high-fat, high-calorie feast https://t.co/K2p6ngPAKr",91,@BBCNews
0.0,Thu Jul 12 23:15:43 +0000 2018,1.0,0.0,0.0,Trump 'riding a unicorn over a rainbow' says ex-spokesman Spicer https://t.co/UfblU3K1nt,92,@BBCNews
-0.34,Thu Jul 12 22:26:19 +0000 2018,0.769,0.231,0.0,Newspaper headlines: Trump accuses May of 'wrecking Brexit' https://t.co/zUwWpVBnHm,93,@BBCNews
0.0,Thu Jul 12 22:10:32 +0000 2018,1.0,0.0,0.0,Donald Trump gives May's Brexit plan both barrels https://t.co/G7AGVwMFjZ,94,@BBCNews
-0.6908,Thu Jul 12 22:05:58 +0000 2018,0.657,0.343,0.0,Trump: Brexit plan 'will probably kill' US trade deal https://t.co/bmdIg28fBn,95,@BBCNews
0.0,Thu Jul 12 21:59:26 +0000 2018,1.0,0.0,0.0,"Friday's Times: ""Trump hits out at May's soft #Brexit blueprint"" (via @hendopolis) #tomorrowspaperstoday https://t.co/Ax0t0P3ous",96,@BBCNews
-0.5719,Thu Jul 12 21:59:20 +0000 2018,0.829,0.171,0.0,"Friday's Guardian: ""PM to push Trump on trade deal as Tory anger over #Brexit goes on"" (via @hendopolis)… https://t.co/0Da2F0IRRs",97,@BBCNews
0.0,Thu Jul 12 21:59:14 +0000 2018,1.0,0.0,0.0,"Friday's Mirror: ""Donald Thump"" (via @hendopolis) #tomorrowspaperstoday https://t.co/hUxJaMcG2V",98,@BBCNews
0.0,Thu Jul 12 21:45:10 +0000 2018,1.0,0.0,0.0,Source of cosmic 'ghost' particle revealed https://t.co/liSCDWqjFz,99,@BBCNews
0.3612,Thu Jul 12 21:23:55 +0000 2018,0.8,0.0,0.2,"Friday's Metro: ""Trump: Brits like me a lot"" (via @hendopolis) #tomorrowspaperstoday https://t.co/QCZsH7fjnH",100,@BBCNews
-0.765,Fri Jul 13 03:18:03 +0000 2018,0.663,0.337,0.0,"Man arrested after 800-pound boulder falls off truck, kills driver and her daughter https://t.co/cdNYJ8qvcr https://t.co/Z7m7ad6zew",1,@CBSNews
-0.5859,Fri Jul 13 03:03:04 +0000 2018,0.73,0.27,0.0,"""Mistake was made"" in Stormy Daniels' strip club arrest, Ohio police chief says https://t.co/oG0ZWOv7I7 https://t.co/WJInuozcdx",2,@CBSNews
0.2648,Fri Jul 13 02:39:44 +0000 2018,0.897,0.0,0.103,The Egyptian Ministry of Antiquities announced the discovery of an unusually large and intact ancient tomb in Alexa… https://t.co/VWu8MWD3JM,3,@CBSNews
0.5267,Fri Jul 13 02:19:44 +0000 2018,0.841,0.0,0.159,The Department of Justice said Thursday it would appeal a judge's decision last month clearing AT&amp;T to acquire Time… https://t.co/UCpGanLxrm,4,@CBSNews
0.0,Fri Jul 13 02:00:02 +0000 2018,1.0,0.0,0.0,"The Trump administration has sent evidence to a U.N. committee showing that North Korea ""breached"" sanctions by sur… https://t.co/NhRub5zj2C",5,@CBSNews
-0.0772,Fri Jul 13 01:39:54 +0000 2018,0.596,0.23,0.174,The great Twitter purge has begun — and famous users have already lost millions of fake followers… https://t.co/FZ1xj1504S,6,@CBSNews
-0.4939,Fri Jul 13 01:19:36 +0000 2018,0.842,0.158,0.0,American painter Robert Motherwell had numerous paintings stolen from him when he switched storage companies in 197… https://t.co/YduDyxp2vc,7,@CBSNews
-0.296,Fri Jul 13 00:59:51 +0000 2018,0.885,0.115,0.0,High blood pressure later in life may contribute to blood vessel blockages and tangles linked to Alzheimer's… https://t.co/PqAv9skTK9,8,@CBSNews
-0.2263,Fri Jul 13 00:39:31 +0000 2018,0.899,0.101,0.0,A lawsuit brought against Ben &amp; Jerry's by a consumer advocacy group alleges the ice cream company misleads consume… https://t.co/CIpkRWCSFC,9,@CBSNews
-0.2732,Fri Jul 13 00:20:54 +0000 2018,0.644,0.214,0.142,Everyone thinks their city's pizza is the best and its traffic is the worst. There's no measuring thin crust vs. de… https://t.co/7fKqpaioTQ,10,@CBSNews
-0.34,Fri Jul 13 00:00:02 +0000 2018,0.893,0.107,0.0,"""We have enough difficulty with the European Union"": President Trump said a ""soft"" Brexit could put an end to the t… https://t.co/vFM8lKdi7l",11,@CBSNews
-0.8402,Thu Jul 12 23:43:15 +0000 2018,0.609,0.391,0.0,Man seen on video berating woman wearing a Puerto Rico shirt charged with felony hate crimes https://t.co/IdGuu150Ov https://t.co/lonHG9Gosh,12,@CBSNews
0.2071,Thu Jul 12 23:27:09 +0000 2018,0.625,0.171,0.203,"""Say it loud, say it clear: Donald Trump's not welcome here"": U.K. protesters deliver a clear message to the Presid… https://t.co/NetBrwsw3P",13,@CBSNews
0.6369,Thu Jul 12 23:03:14 +0000 2018,0.802,0.0,0.198,Cops in Sync: Police officers all over the country take part in viral lip sync challenge to the delight of the inte… https://t.co/NuPENY0h99,14,@CBSNews
-0.5423,Thu Jul 12 22:54:11 +0000 2018,0.8,0.2,0.0,"RT @CBSEveningNews: Charges against adult film actress Stormy Daniels were dismissed Thursday, following a Wed. night arrest at an OH strip…",15,@CBSNews
-0.3818,Thu Jul 12 22:53:53 +0000 2018,0.902,0.098,0.0,"Out with the old, in with the new: Air Force One may be losing it’s signature blue and white colors from the JFK er… https://t.co/FIJuHfz7h8",16,@CBSNews
-0.6908,Thu Jul 12 22:47:55 +0000 2018,0.81,0.19,0.0,“It is the most infamous civil rights case in the history of this country”: Emmett Till’s murder reopened 63 years… https://t.co/zIAH8SNIpk,17,@CBSNews
-0.2263,Thu Jul 12 22:44:13 +0000 2018,0.921,0.079,0.0,RT @CBSEveningNews: Protesters took to the streets immediately upon Pres. Trump’s arrival in the U.K. Thursday -- and the “Trump Baby” is e…,18,@CBSNews
0.431,Thu Jul 12 22:41:59 +0000 2018,0.875,0.0,0.125,"President Trump calls Putin a “competitor,” not an enemy at NATO Summit, says he will raise the issue of Russia med… https://t.co/Z74mhix0Ai",19,@CBSNews
-0.7184,Thu Jul 12 22:36:53 +0000 2018,0.684,0.316,0.0,"Yelling, accusations and chaos: Former FBI agent Peter Strzok testifies before House panel Thursday… https://t.co/dOI65UxWBa",20,@CBSNews
-0.765,Fri Jul 13 03:18:03 +0000 2018,0.663,0.337,0.0,"Man arrested after 800-pound boulder falls off truck, kills driver and her daughter https://t.co/cdNYJ8qvcr https://t.co/Z7m7ad6zew",21,@CBSNews
-0.5859,Fri Jul 13 03:03:04 +0000 2018,0.73,0.27,0.0,"""Mistake was made"" in Stormy Daniels' strip club arrest, Ohio police chief says https://t.co/oG0ZWOv7I7 https://t.co/WJInuozcdx",22,@CBSNews
0.2648,Fri Jul 13 02:39:44 +0000 2018,0.897,0.0,0.103,The Egyptian Ministry of Antiquities announced the discovery of an unusually large and intact ancient tomb in Alexa… https://t.co/VWu8MWD3JM,23,@CBSNews
0.5267,Fri Jul 13 02:19:44 +0000 2018,0.841,0.0,0.159,The Department of Justice said Thursday it would appeal a judge's decision last month clearing AT&amp;T to acquire Time… https://t.co/UCpGanLxrm,24,@CBSNews
0.0,Fri Jul 13 02:00:02 +0000 2018,1.0,0.0,0.0,"The Trump administration has sent evidence to a U.N. committee showing that North Korea ""breached"" sanctions by sur… https://t.co/NhRub5zj2C",25,@CBSNews
-0.0772,Fri Jul 13 01:39:54 +0000 2018,0.596,0.23,0.174,The great Twitter purge has begun — and famous users have already lost millions of fake followers… https://t.co/FZ1xj1504S,26,@CBSNews
-0.4939,Fri Jul 13 01:19:36 +0000 2018,0.842,0.158,0.0,American painter Robert Motherwell had numerous paintings stolen from him when he switched storage companies in 197… https://t.co/YduDyxp2vc,27,@CBSNews
-0.296,Fri Jul 13 00:59:51 +0000 2018,0.885,0.115,0.0,High blood pressure later in life may contribute to blood vessel blockages and tangles linked to Alzheimer's… https://t.co/PqAv9skTK9,28,@CBSNews
-0.2263,Fri Jul 13 00:39:31 +0000 2018,0.899,0.101,0.0,A lawsuit brought against Ben &amp; Jerry's by a consumer advocacy group alleges the ice cream company misleads consume… https://t.co/CIpkRWCSFC,29,@CBSNews
-0.2732,Fri Jul 13 00:20:54 +0000 2018,0.644,0.214,0.142,Everyone thinks their city's pizza is the best and its traffic is the worst. There's no measuring thin crust vs. de… https://t.co/7fKqpaioTQ,30,@CBSNews
-0.34,Fri Jul 13 00:00:02 +0000 2018,0.893,0.107,0.0,"""We have enough difficulty with the European Union"": President Trump said a ""soft"" Brexit could put an end to the t… https://t.co/vFM8lKdi7l",31,@CBSNews
-0.8402,Thu Jul 12 23:43:15 +0000 2018,0.609,0.391,0.0,Man seen on video berating woman wearing a Puerto Rico shirt charged with felony hate crimes https://t.co/IdGuu150Ov https://t.co/lonHG9Gosh,32,@CBSNews
0.2071,Thu Jul 12 23:27:09 +0000 2018,0.625,0.171,0.203,"""Say it loud, say it clear: Donald Trump's not welcome here"": U.K. protesters deliver a clear message to the Presid… https://t.co/NetBrwsw3P",33,@CBSNews
0.6369,Thu Jul 12 23:03:14 +0000 2018,0.802,0.0,0.198,Cops in Sync: Police officers all over the country take part in viral lip sync challenge to the delight of the inte… https://t.co/NuPENY0h99,34,@CBSNews
-0.5423,Thu Jul 12 22:54:11 +0000 2018,0.8,0.2,0.0,"RT @CBSEveningNews: Charges against adult film actress Stormy Daniels were dismissed Thursday, following a Wed. night arrest at an OH strip…",35,@CBSNews
-0.3818,Thu Jul 12 22:53:53 +0000 2018,0.902,0.098,0.0,"Out with the old, in with the new: Air Force One may be losing it’s signature blue and white colors from the JFK er… https://t.co/FIJuHfz7h8",36,@CBSNews
-0.6908,Thu Jul 12 22:47:55 +0000 2018,0.81,0.19,0.0,“It is the most infamous civil rights case in the history of this country”: Emmett Till’s murder reopened 63 years… https://t.co/zIAH8SNIpk,37,@CBSNews
-0.2263,Thu Jul 12 22:44:13 +0000 2018,0.921,0.079,0.0,RT @CBSEveningNews: Protesters took to the streets immediately upon Pres. Trump’s arrival in the U.K. Thursday -- and the “Trump Baby” is e…,38,@CBSNews
0.431,Thu Jul 12 22:41:59 +0000 2018,0.875,0.0,0.125,"President Trump calls Putin a “competitor,” not an enemy at NATO Summit, says he will raise the issue of Russia med… https://t.co/Z74mhix0Ai",39,@CBSNews
-0.7184,Thu Jul 12 22:36:53 +0000 2018,0.684,0.316,0.0,"Yelling, accusations and chaos: Former FBI agent Peter Strzok testifies before House panel Thursday… https://t.co/dOI65UxWBa",40,@CBSNews
-0.765,Fri Jul 13 03:18:03 +0000 2018,0.663,0.337,0.0,"Man arrested after 800-pound boulder falls off truck, kills driver and her daughter https://t.co/cdNYJ8qvcr https://t.co/Z7m7ad6zew",41,@CBSNews
-0.5859,Fri Jul 13 03:03:04 +0000 2018,0.73,0.27,0.0,"""Mistake was made"" in Stormy Daniels' strip club arrest, Ohio police chief says https://t.co/oG0ZWOv7I7 https://t.co/WJInuozcdx",42,@CBSNews
0.2648,Fri Jul 13 02:39:44 +0000 2018,0.897,0.0,0.103,The Egyptian Ministry of Antiquities announced the discovery of an unusually large and intact ancient tomb in Alexa… https://t.co/VWu8MWD3JM,43,@CBSNews
0.5267,Fri Jul 13 02:19:44 +0000 2018,0.841,0.0,0.159,The Department of Justice said Thursday it would appeal a judge's decision last month clearing AT&amp;T to acquire Time… https://t.co/UCpGanLxrm,44,@CBSNews
0.0,Fri Jul 13 02:00:02 +0000 2018,1.0,0.0,0.0,"The Trump administration has sent evidence to a U.N. committee showing that North Korea ""breached"" sanctions by sur… https://t.co/NhRub5zj2C",45,@CBSNews
-0.0772,Fri Jul 13 01:39:54 +0000 2018,0.596,0.23,0.174,The great Twitter purge has begun — and famous users have already lost millions of fake followers… https://t.co/FZ1xj1504S,46,@CBSNews
-0.4939,Fri Jul 13 01:19:36 +0000 2018,0.842,0.158,0.0,American painter Robert Motherwell had numerous paintings stolen from him when he switched storage companies in 197… https://t.co/YduDyxp2vc,47,@CBSNews
-0.296,Fri Jul 13 00:59:51 +0000 2018,0.885,0.115,0.0,High blood pressure later in life may contribute to blood vessel blockages and tangles linked to Alzheimer's… https://t.co/PqAv9skTK9,48,@CBSNews
-0.2263,Fri Jul 13 00:39:31 +0000 2018,0.899,0.101,0.0,A lawsuit brought against Ben &amp; Jerry's by a consumer advocacy group alleges the ice cream company misleads consume… https://t.co/CIpkRWCSFC,49,@CBSNews
-0.2732,Fri Jul 13 00:20:54 +0000 2018,0.644,0.214,0.142,Everyone thinks their city's pizza is the best and its traffic is the worst. There's no measuring thin crust vs. de… https://t.co/7fKqpaioTQ,50,@CBSNews
-0.34,Fri Jul 13 00:00:02 +0000 2018,0.893,0.107,0.0,"""We have enough difficulty with the European Union"": President Trump said a ""soft"" Brexit could put an end to the t… https://t.co/vFM8lKdi7l",51,@CBSNews
-0.8402,Thu Jul 12 23:43:15 +0000 2018,0.609,0.391,0.0,Man seen on video berating woman wearing a Puerto Rico shirt charged with felony hate crimes https://t.co/IdGuu150Ov https://t.co/lonHG9Gosh,52,@CBSNews
0.2071,Thu Jul 12 23:27:09 +0000 2018,0.625,0.171,0.203,"""Say it loud, say it clear: Donald Trump's not welcome here"": U.K. protesters deliver a clear message to the Presid… https://t.co/NetBrwsw3P",53,@CBSNews
0.6369,Thu Jul 12 23:03:14 +0000 2018,0.802,0.0,0.198,Cops in Sync: Police officers all over the country take part in viral lip sync challenge to the delight of the inte… https://t.co/NuPENY0h99,54,@CBSNews
-0.5423,Thu Jul 12 22:54:11 +0000 2018,0.8,0.2,0.0,"RT @CBSEveningNews: Charges against adult film actress Stormy Daniels were dismissed Thursday, following a Wed. night arrest at an OH strip…",55,@CBSNews
-0.3818,Thu Jul 12 22:53:53 +0000 2018,0.902,0.098,0.0,"Out with the old, in with the new: Air Force One may be losing it’s signature blue and white colors from the JFK er… https://t.co/FIJuHfz7h8",56,@CBSNews
-0.6908,Thu Jul 12 22:47:55 +0000 2018,0.81,0.19,0.0,“It is the most infamous civil rights case in the history of this country”: Emmett Till’s murder reopened 63 years… https://t.co/zIAH8SNIpk,57,@CBSNews
-0.2263,Thu Jul 12 22:44:13 +0000 2018,0.921,0.079,0.0,RT @CBSEveningNews: Protesters took to the streets immediately upon Pres. Trump’s arrival in the U.K. Thursday -- and the “Trump Baby” is e…,58,@CBSNews
0.431,Thu Jul 12 22:41:59 +0000 2018,0.875,0.0,0.125,"President Trump calls Putin a “competitor,” not an enemy at NATO Summit, says he will raise the issue of Russia med… https://t.co/Z74mhix0Ai",59,@CBSNews
-0.7184,Thu Jul 12 22:36:53 +0000 2018,0.684,0.316,0.0,"Yelling, accusations and chaos: Former FBI agent Peter Strzok testifies before House panel Thursday… https://t.co/dOI65UxWBa",60,@CBSNews
-0.765,Fri Jul 13 03:18:03 +0000 2018,0.663,0.337,0.0,"Man arrested after 800-pound boulder falls off truck, kills driver and her daughter https://t.co/cdNYJ8qvcr https://t.co/Z7m7ad6zew",61,@CBSNews
-0.5859,Fri Jul 13 03:03:04 +0000 2018,0.73,0.27,0.0,"""Mistake was made"" in Stormy Daniels' strip club arrest, Ohio police chief says https://t.co/oG0ZWOv7I7 https://t.co/WJInuozcdx",62,@CBSNews
0.2648,Fri Jul 13 02:39:44 +0000 2018,0.897,0.0,0.103,The Egyptian Ministry of Antiquities announced the discovery of an unusually large and intact ancient tomb in Alexa… https://t.co/VWu8MWD3JM,63,@CBSNews
0.5267,Fri Jul 13 02:19:44 +0000 2018,0.841,0.0,0.159,The Department of Justice said Thursday it would appeal a judge's decision last month clearing AT&amp;T to acquire Time… https://t.co/UCpGanLxrm,64,@CBSNews
0.0,Fri Jul 13 02:00:02 +0000 2018,1.0,0.0,0.0,"The Trump administration has sent evidence to a U.N. committee showing that North Korea ""breached"" sanctions by sur… https://t.co/NhRub5zj2C",65,@CBSNews
-0.0772,Fri Jul 13 01:39:54 +0000 2018,0.596,0.23,0.174,The great Twitter purge has begun — and famous users have already lost millions of fake followers… https://t.co/FZ1xj1504S,66,@CBSNews
-0.4939,Fri Jul 13 01:19:36 +0000 2018,0.842,0.158,0.0,American painter Robert Motherwell had numerous paintings stolen from him when he switched storage companies in 197… https://t.co/YduDyxp2vc,67,@CBSNews
-0.296,Fri Jul 13 00:59:51 +0000 2018,0.885,0.115,0.0,High blood pressure later in life may contribute to blood vessel blockages and tangles linked to Alzheimer's… https://t.co/PqAv9skTK9,68,@CBSNews
-0.2263,Fri Jul 13 00:39:31 +0000 2018,0.899,0.101,0.0,A lawsuit brought against Ben &amp; Jerry's by a consumer advocacy group alleges the ice cream company misleads consume… https://t.co/CIpkRWCSFC,69,@CBSNews
-0.2732,Fri Jul 13 00:20:54 +0000 2018,0.644,0.214,0.142,Everyone thinks their city's pizza is the best and its traffic is the worst. There's no measuring thin crust vs. de… https://t.co/7fKqpaioTQ,70,@CBSNews
-0.34,Fri Jul 13 00:00:02 +0000 2018,0.893,0.107,0.0,"""We have enough difficulty with the European Union"": President Trump said a ""soft"" Brexit could put an end to the t… https://t.co/vFM8lKdi7l",71,@CBSNews
-0.8402,Thu Jul 12 23:43:15 +0000 2018,0.609,0.391,0.0,Man seen on video berating woman wearing a Puerto Rico shirt charged with felony hate crimes https://t.co/IdGuu150Ov https://t.co/lonHG9Gosh,72,@CBSNews
0.2071,Thu Jul 12 23:27:09 +0000 2018,0.625,0.171,0.203,"""Say it loud, say it clear: Donald Trump's not welcome here"": U.K. protesters deliver a clear message to the Presid… https://t.co/NetBrwsw3P",73,@CBSNews
0.6369,Thu Jul 12 23:03:14 +0000 2018,0.802,0.0,0.198,Cops in Sync: Police officers all over the country take part in viral lip sync challenge to the delight of the inte… https://t.co/NuPENY0h99,74,@CBSNews
-0.5423,Thu Jul 12 22:54:11 +0000 2018,0.8,0.2,0.0,"RT @CBSEveningNews: Charges against adult film actress Stormy Daniels were dismissed Thursday, following a Wed. night arrest at an OH strip…",75,@CBSNews
-0.3818,Thu Jul 12 22:53:53 +0000 2018,0.902,0.098,0.0,"Out with the old, in with the new: Air Force One may be losing it’s signature blue and white colors from the JFK er… https://t.co/FIJuHfz7h8",76,@CBSNews
-0.6908,Thu Jul 12 22:47:55 +0000 2018,0.81,0.19,0.0,“It is the most infamous civil rights case in the history of this country”: Emmett Till’s murder reopened 63 years… https://t.co/zIAH8SNIpk,77,@CBSNews
-0.2263,Thu Jul 12 22:44:13 +0000 2018,0.921,0.079,0.0,RT @CBSEveningNews: Protesters took to the streets immediately upon Pres. Trump’s arrival in the U.K. Thursday -- and the “Trump Baby” is e…,78,@CBSNews
0.431,Thu Jul 12 22:41:59 +0000 2018,0.875,0.0,0.125,"President Trump calls Putin a “competitor,” not an enemy at NATO Summit, says he will raise the issue of Russia med… https://t.co/Z74mhix0Ai",79,@CBSNews
-0.7184,Thu Jul 12 22:36:53 +0000 2018,0.684,0.316,0.0,"Yelling, accusations and chaos: Former FBI agent Peter Strzok testifies before House panel Thursday… https://t.co/dOI65UxWBa",80,@CBSNews
-0.765,Fri Jul 13 03:18:03 +0000 2018,0.663,0.337,0.0,"Man arrested after 800-pound boulder falls off truck, kills driver and her daughter https://t.co/cdNYJ8qvcr https://t.co/Z7m7ad6zew",81,@CBSNews
-0.5859,Fri Jul 13 03:03:04 +0000 2018,0.73,0.27,0.0,"""Mistake was made"" in Stormy Daniels' strip club arrest, Ohio police chief says https://t.co/oG0ZWOv7I7 https://t.co/WJInuozcdx",82,@CBSNews
0.2648,Fri Jul 13 02:39:44 +0000 2018,0.897,0.0,0.103,The Egyptian Ministry of Antiquities announced the discovery of an unusually large and intact ancient tomb in Alexa… https://t.co/VWu8MWD3JM,83,@CBSNews
0.5267,Fri Jul 13 02:19:44 +0000 2018,0.841,0.0,0.159,The Department of Justice said Thursday it would appeal a judge's decision last month clearing AT&amp;T to acquire Time… https://t.co/UCpGanLxrm,84,@CBSNews
0.0,Fri Jul 13 02:00:02 +0000 2018,1.0,0.0,0.0,"The Trump administration has sent evidence to a U.N. committee showing that North Korea ""breached"" sanctions by sur… https://t.co/NhRub5zj2C",85,@CBSNews
-0.0772,Fri Jul 13 01:39:54 +0000 2018,0.596,0.23,0.174,The great Twitter purge has begun — and famous users have already lost millions of fake followers… https://t.co/FZ1xj1504S,86,@CBSNews
-0.4939,Fri Jul 13 01:19:36 +0000 2018,0.842,0.158,0.0,American painter Robert Motherwell had numerous paintings stolen from him when he switched storage companies in 197… https://t.co/YduDyxp2vc,87,@CBSNews
-0.296,Fri Jul 13 00:59:51 +0000 2018,0.885,0.115,0.0,High blood pressure later in life may contribute to blood vessel blockages and tangles linked to Alzheimer's… https://t.co/PqAv9skTK9,88,@CBSNews
-0.2263,Fri Jul 13 00:39:31 +0000 2018,0.899,0.101,0.0,A lawsuit brought against Ben &amp; Jerry's by a consumer advocacy group alleges the ice cream company misleads consume… https://t.co/CIpkRWCSFC,89,@CBSNews
-0.2732,Fri Jul 13 00:20:54 +0000 2018,0.644,0.214,0.142,Everyone thinks their city's pizza is the best and its traffic is the worst. There's no measuring thin crust vs. de… https://t.co/7fKqpaioTQ,90,@CBSNews
-0.34,Fri Jul 13 00:00:02 +0000 2018,0.893,0.107,0.0,"""We have enough difficulty with the European Union"": President Trump said a ""soft"" Brexit could put an end to the t… https://t.co/vFM8lKdi7l",91,@CBSNews
-0.8402,Thu Jul 12 23:43:15 +0000 2018,0.609,0.391,0.0,Man seen on video berating woman wearing a Puerto Rico shirt charged with felony hate crimes https://t.co/IdGuu150Ov https://t.co/lonHG9Gosh,92,@CBSNews
0.2071,Thu Jul 12 23:27:09 +0000 2018,0.625,0.171,0.203,"""Say it loud, say it clear: Donald Trump's not welcome here"": U.K. protesters deliver a clear message to the Presid… https://t.co/NetBrwsw3P",93,@CBSNews
0.6369,Thu Jul 12 23:03:14 +0000 2018,0.802,0.0,0.198,Cops in Sync: Police officers all over the country take part in viral lip sync challenge to the delight of the inte… https://t.co/NuPENY0h99,94,@CBSNews
-0.5423,Thu Jul 12 22:54:11 +0000 2018,0.8,0.2,0.0,"RT @CBSEveningNews: Charges against adult film actress Stormy Daniels were dismissed Thursday, following a Wed. night arrest at an OH strip…",95,@CBSNews
-0.3818,Thu Jul 12 22:53:53 +0000 2018,0.902,0.098,0.0,"Out with the old, in with the new: Air Force One may be losing it’s signature blue and white colors from the JFK er… https://t.co/FIJuHfz7h8",96,@CBSNews
-0.6908,Thu Jul 12 22:47:55 +0000 2018,0.81,0.19,0.0,“It is the most infamous civil rights case in the history of this country”: Emmett Till’s murder reopened 63 years… https://t.co/zIAH8SNIpk,97,@CBSNews
-0.2263,Thu Jul 12 22:44:13 +0000 2018,0.921,0.079,0.0,RT @CBSEveningNews: Protesters took to the streets immediately upon Pres. Trump’s arrival in the U.K. Thursday -- and the “Trump Baby” is e…,98,@CBSNews
0.431,Thu Jul 12 22:41:59 +0000 2018,0.875,0.0,0.125,"President Trump calls Putin a “competitor,” not an enemy at NATO Summit, says he will raise the issue of Russia med… https://t.co/Z74mhix0Ai",99,@CBSNews
-0.7184,Thu Jul 12 22:36:53 +0000 2018,0.684,0.316,0.0,"Yelling, accusations and chaos: Former FBI agent Peter Strzok testifies before House panel Thursday… https://t.co/dOI65UxWBa",100,@CBSNews
